-- phpMyAdmin SQL Dump
-- version 4.1.7
-- http://www.phpmyadmin.net
--
-- Host: localhost
-- Generation Time: Giu 02, 2016 alle 11:26
-- Versione del server: 5.1.71-community-log
-- PHP Version: 5.3.10

SET SQL_MODE = "NO_AUTO_VALUE_ON_ZERO";
SET time_zone = "+00:00";


/*!40101 SET @OLD_CHARACTER_SET_CLIENT=@@CHARACTER_SET_CLIENT */;
/*!40101 SET @OLD_CHARACTER_SET_RESULTS=@@CHARACTER_SET_RESULTS */;
/*!40101 SET @OLD_COLLATION_CONNECTION=@@COLLATION_CONNECTION */;
/*!40101 SET NAMES utf8 */;

--
-- Database: `my_bustracker`
--

-- --------------------------------------------------------

--
-- Struttura della tabella `Autisti`
--

CREATE TABLE IF NOT EXISTS `Autisti` (
  `IDAutista` int(11) NOT NULL AUTO_INCREMENT,
  `Nome` varchar(50) COLLATE latin1_general_ci NOT NULL,
  `Cognome` varchar(50) COLLATE latin1_general_ci NOT NULL,
  `DataN` date NOT NULL,
  `IDDitta` int(11) NOT NULL,
  PRIMARY KEY (`IDAutista`),
  KEY `IDDitta` (`IDDitta`)
) ENGINE=InnoDB  DEFAULT CHARSET=latin1 COLLATE=latin1_general_ci AUTO_INCREMENT=6 ;

--
-- Dump dei dati per la tabella `Autisti`
--

INSERT INTO `Autisti` (`IDAutista`, `Nome`, `Cognome`, `DataN`, `IDDitta`) VALUES
(1, 'Mario', 'Rossi', '1968-03-11', 0),
(2, 'Maurizio', 'Verdi', '1975-12-12', 0),
(3, 'Luca', 'Bianchi', '1971-06-15', 0),
(4, 'Laura', 'Neri', '1980-04-22', 0),
(5, 'Roberto', 'Gialli', '1978-01-19', 0);

-- --------------------------------------------------------

--
-- Struttura della tabella `Autobus`
--

CREATE TABLE IF NOT EXISTS `Autobus` (
  `Targa` varchar(7) COLLATE latin1_general_ci NOT NULL,
  `IDModello` int(11) NOT NULL,
  `IDDitta` int(11) NOT NULL,
  PRIMARY KEY (`Targa`),
  KEY `IDDitta` (`IDDitta`),
  KEY `IDModello` (`IDModello`)
) ENGINE=InnoDB DEFAULT CHARSET=latin1 COLLATE=latin1_general_ci;

--
-- Dump dei dati per la tabella `Autobus`
--

INSERT INTO `Autobus` (`Targa`, `IDModello`, `IDDitta`) VALUES
('EA000RT', 0, 0),
('EA999SV', 1, 0),
('FF345ZE', 0, 0),
('FR768IX', 1, 0),
('FT583HG', 2, 0);

-- --------------------------------------------------------

--
-- Struttura della tabella `Ditte`
--

CREATE TABLE IF NOT EXISTS `Ditte` (
  `IDDitta` int(11) NOT NULL AUTO_INCREMENT,
  `RagSoc` varchar(50) COLLATE latin1_general_ci NOT NULL,
  `URLLogo` varchar(100) COLLATE latin1_general_ci DEFAULT NULL COMMENT 'url del logo da visualizzare sul sito',
  PRIMARY KEY (`IDDitta`)
) ENGINE=InnoDB DEFAULT CHARSET=latin1 COLLATE=latin1_general_ci AUTO_INCREMENT=1 ;

--
-- Dump dei dati per la tabella `Ditte`
--

INSERT INTO `Ditte` (`IDDitta`, `RagSoc`, `URLLogo`) VALUES
(0, 'VallauriBus', NULL);

-- --------------------------------------------------------

--
-- Struttura della tabella `Fermate`
--

CREATE TABLE IF NOT EXISTS `Fermate` (
  `IDFermata` int(11) NOT NULL AUTO_INCREMENT,
  `Nome` varchar(50) COLLATE latin1_general_ci NOT NULL,
  `Lat` double NOT NULL,
  `Lon` double NOT NULL,
  `IDLocalita` int(11) NOT NULL,
  PRIMARY KEY (`IDFermata`),
  KEY `IDLocalita` (`IDLocalita`)
) ENGINE=InnoDB  DEFAULT CHARSET=latin1 COLLATE=latin1_general_ci AUTO_INCREMENT=25 ;

--
-- Dump dei dati per la tabella `Fermate`
--

INSERT INTO `Fermate` (`IDFermata`, `Nome`, `Lat`, `Lon`, `IDLocalita`) VALUES
(2, 'Pratavecchia', 44.46009999, 7.39334617, 2),
(3, 'Monastero', 44.47434158, 7.43206362, 3),
(4, 'Castelletto', 44.48165802, 7.45132719, 4),
(5, 'Busca', 44.51570282, 7.47827374, 5),
(6, 'Busca-Bicocca', 44.51334764, 7.49221784, 5),
(7, 'Villafalletto-Piazza', 44.54429444, 7.53851812, 6),
(8, 'Villafalletto-Banca', 44.54508973, 7.54082519, 6),
(9, 'Mellea', 44.53351277, 7.59545774, 7),
(10, 'Mellea-Aereoporto', 44.53429681, 7.62683958, 7),
(11, 'Fossano-LIDL', 44.54694936, 7.7146903, 8),
(12, 'Fossano-Stazione', 44.54958711, 7.71818664, 8),
(13, 'Fossano-Piazza Bava', 44.55329873, 7.7268588, 8),
(14, 'Fossano-Vallauri', 44.55568823, 7.73483794, 8),
(15, 'Revello centro', 44.65439918, 7.38966679, 9),
(16, 'Revello ospedale', 44.65568088, 7.39166336, 9),
(17, 'Revello distributore Eni', 44.65724545, 7.3952359, 9),
(18, 'Revello Paschero', 44.65532965, 7.41187603, 9),
(19, 'Lagnasco circovallazone', 44.628611, 7.55731097, 14),
(20, 'Savigliano Piazza Galateri', 44.64877422, 7.66180898, 11),
(21, 'Genola Eurostock', 44.59308908, 7.66002546, 12),
(22, 'Genola centro', 44.58616027, 7.66611561, 12),
(23, 'Saluzzo tribunale', 44.645791, 7.4966821, 10),
(24, 'Cussanio', 44.5723913, 7.702934, 13);

-- --------------------------------------------------------

--
-- Struttura della tabella `GiorniLinea`
--

CREATE TABLE IF NOT EXISTS `GiorniLinea` (
  `IDGL` int(11) NOT NULL AUTO_INCREMENT,
  `IDLinea` int(11) NOT NULL,
  `Giorno` varchar(10) COLLATE latin1_general_ci NOT NULL,
  PRIMARY KEY (`IDGL`),
  KEY `IDLinea` (`IDLinea`)
) ENGINE=InnoDB  DEFAULT CHARSET=latin1 COLLATE=latin1_general_ci AUTO_INCREMENT=14 ;

--
-- Dump dei dati per la tabella `GiorniLinea`
--

INSERT INTO `GiorniLinea` (`IDGL`, `IDLinea`, `Giorno`) VALUES
(1, 1, 'Lunedi'),
(3, 1, 'Martedì'),
(4, 1, 'Mercoledì'),
(5, 1, 'Giovedì'),
(6, 1, 'Venerdì'),
(7, 1, 'Sabato'),
(8, 2, 'Lunedì'),
(9, 2, 'Martedì'),
(10, 2, 'Mercoledì'),
(11, 2, 'Giovedì'),
(12, 2, 'Venerdì'),
(13, 2, 'Sabato');

-- --------------------------------------------------------

--
-- Struttura della tabella `Linee`
--

CREATE TABLE IF NOT EXISTS `Linee` (
  `IDLinea` int(11) NOT NULL AUTO_INCREMENT,
  `Nome` varchar(50) COLLATE latin1_general_ci NOT NULL,
  `IDDitta` int(11) NOT NULL,
  PRIMARY KEY (`IDLinea`),
  KEY `IDDitta` (`IDDitta`)
) ENGINE=InnoDB  DEFAULT CHARSET=latin1 COLLATE=latin1_general_ci AUTO_INCREMENT=5 ;

--
-- Dump dei dati per la tabella `Linee`
--

INSERT INTO `Linee` (`IDLinea`, `Nome`, `IDDitta`) VALUES
(1, 'Dronero-Fossano', 0),
(2, 'Fossano-Dronero', 0),
(3, 'Revello-Fossano', 0),
(4, 'Fossano-Revello', 0);

-- --------------------------------------------------------

--
-- Struttura della tabella `Localita`
--

CREATE TABLE IF NOT EXISTS `Localita` (
  `IDLocalita` int(11) NOT NULL AUTO_INCREMENT,
  `Nome` varchar(50) COLLATE latin1_general_ci NOT NULL,
  PRIMARY KEY (`IDLocalita`)
) ENGINE=InnoDB  DEFAULT CHARSET=latin1 COLLATE=latin1_general_ci AUTO_INCREMENT=15 ;

--
-- Dump dei dati per la tabella `Localita`
--

INSERT INTO `Localita` (`IDLocalita`, `Nome`) VALUES
(1, 'Dronero'),
(2, 'Pratavecchia'),
(3, 'Monastero'),
(4, 'Castelletto'),
(5, 'Busca'),
(6, 'Villafalletto'),
(7, 'Mellea'),
(8, 'Fossano'),
(9, 'Revello'),
(10, 'Saluzzo'),
(11, 'Savigliano'),
(12, 'Genola'),
(13, 'Cussanio'),
(14, 'Lagnasco');

-- --------------------------------------------------------

--
-- Struttura della tabella `ModelliAutobus`
--

CREATE TABLE IF NOT EXISTS `ModelliAutobus` (
  `IDModello` int(11) NOT NULL AUTO_INCREMENT,
  `Modello` varchar(50) COLLATE latin1_general_ci NOT NULL,
  `Marca` varchar(50) COLLATE latin1_general_ci NOT NULL,
  `PostiInPiedi` int(11) NOT NULL,
  `PostiSeduti` int(11) NOT NULL,
  PRIMARY KEY (`IDModello`)
) ENGINE=InnoDB  DEFAULT CHARSET=latin1 COLLATE=latin1_general_ci AUTO_INCREMENT=3 ;

--
-- Dump dei dati per la tabella `ModelliAutobus`
--

INSERT INTO `ModelliAutobus` (`IDModello`, `Modello`, `Marca`, `PostiInPiedi`, `PostiSeduti`) VALUES
(0, 'UrbanWay', 'Iveco', 20, 60),
(1, '343', 'Fiat', 15, 45),
(2, '9700', 'Volvo', 30, 64);

-- --------------------------------------------------------

--
-- Struttura della tabella `Notifiche`
--

CREATE TABLE IF NOT EXISTS `Notifiche` (
  `REGISTRATION_ID` varchar(163) NOT NULL,
  `IDOrario` int(11) NOT NULL,
  `IDFermata` int(11) NOT NULL,
  `Tempo` int(11) NOT NULL,
  PRIMARY KEY (`REGISTRATION_ID`,`IDOrario`,`IDFermata`),
  KEY `IDOrario` (`IDOrario`)
) ENGINE=MyISAM DEFAULT CHARSET=latin1;

--
-- Dump dei dati per la tabella `Notifiche`
--

INSERT INTO `Notifiche` (`REGISTRATION_ID`, `IDOrario`, `IDFermata`, `Tempo`) VALUES
('d1vfs9L-nTs:APA91bGqwQkplbAuCpIByu0MjvmZPaea090KVlgIUtiemz9X77VG_sJ6x3PLhSqchUrwTjK40qB7NvLe39vU9FCTmAp19NoXtkTW4Et1g9WEbC_7eMR5v-zEUgZMAcF4l22r4LjVPnPi', 8, 23, 10000),
('f6NrIfLuhxE:APA91bGwIVCwRK2hgDrQu-ZjNACM_H7IiEN0dhzUgy8OUWOtNHh2VKlDDsAnvO8JcryMfcV7wzFCGA8rP9hbqyFPKdYurUQBZPaGCKchrfUgdvQG2EYRUaDET4yw5XGuflA58DPkCFXa', 8, 16, 10000),
('f6NrIfLuhxE:APA91bGwIVCwRK2hgDrQu-ZjNACM_H7IiEN0dhzUgy8OUWOtNHh2VKlDDsAnvO8JcryMfcV7wzFCGA8rP9hbqyFPKdYurUQBZPaGCKchrfUgdvQG2EYRUaDET4yw5XGuflA58DPkCFXa', 7, 8, 10000),
('dZxT8kSTvAQ:APA91bFUvdgT8GdqpTsrEpWnZdR3NyPcANpsp77iWJ-XMEaSdrmCiDebbwMAbkYtWvlM0ZU0GstAPQc0WW1XdCHiHGuPdwUzbdTg_iZpHAI3pyGbwJwTiVRcZ3zMUMkewkhlQ_rDGQOL', 8, 22, 10000),
('dIaISNRB4F0:APA91bFcHcXPSCLrof3hUZYZD5iWkYi5DFUXOQJ1i6HTV7iaYqW4rjUCO0xmwxBbjaLz1fZdcKz3jSKH3y01e_8D6-ddCrVNtPK2JeSn84kqMeTMIthHFYtfkRn7CVWUPK4W5AUtRrOv', 8, 23, 10000);

-- --------------------------------------------------------

--
-- Struttura della tabella `Orari`
--

CREATE TABLE IF NOT EXISTS `Orari` (
  `IDOrario` int(11) NOT NULL AUTO_INCREMENT,
  `OraPartenza` time NOT NULL,
  `IDLinea` int(11) NOT NULL,
  PRIMARY KEY (`IDOrario`),
  KEY `IDLinea` (`IDLinea`)
) ENGINE=InnoDB  DEFAULT CHARSET=latin1 COLLATE=latin1_general_ci AUTO_INCREMENT=9 ;

--
-- Dump dei dati per la tabella `Orari`
--

INSERT INTO `Orari` (`IDOrario`, `OraPartenza`, `IDLinea`) VALUES
(2, '06:35:00', 1),
(3, '16:10:00', 1),
(4, '13:30:00', 2),
(5, '19:00:00', 2),
(6, '20:15:00', 1),
(7, '22:23:00', 1),
(8, '06:55:00', 3);

-- --------------------------------------------------------

--
-- Struttura della tabella `Percorsi`
--

CREATE TABLE IF NOT EXISTS `Percorsi` (
  `IDPercorso` int(11) NOT NULL AUTO_INCREMENT,
  `IDLinea` int(11) NOT NULL,
  `IDFermata` int(11) NOT NULL,
  `Offset` int(11) NOT NULL COMMENT 'numero di minuti trascorsi dall''inizio della linea',
  PRIMARY KEY (`IDPercorso`),
  KEY `IDLinea` (`IDLinea`),
  KEY `IDFermata` (`IDFermata`)
) ENGINE=InnoDB  DEFAULT CHARSET=latin1 COLLATE=latin1_general_ci AUTO_INCREMENT=24 ;

--
-- Dump dei dati per la tabella `Percorsi`
--

INSERT INTO `Percorsi` (`IDPercorso`, `IDLinea`, `IDFermata`, `Offset`) VALUES
(1, 1, 2, 300000),
(2, 1, 3, 540000),
(3, 1, 4, 600000),
(4, 1, 5, 960000),
(5, 1, 6, 1080000),
(6, 1, 7, 1200000),
(7, 1, 8, 1380000),
(8, 1, 9, 1740000),
(9, 1, 10, 1920000),
(10, 1, 11, 2400000),
(11, 1, 12, 2940000),
(12, 1, 13, 3240000),
(13, 1, 14, 3600000),
(14, 3, 15, 0),
(15, 3, 16, 60000),
(16, 3, 17, 120000),
(17, 3, 18, 240000),
(18, 3, 23, 720000),
(19, 3, 20, 1800000),
(20, 3, 21, 2400000),
(21, 3, 22, 2460000),
(22, 3, 24, 2700000),
(23, 3, 14, 3300000);

-- --------------------------------------------------------

--
-- Struttura della tabella `Tappe`
--

CREATE TABLE IF NOT EXISTS `Tappe` (
  `IDTappa` int(11) NOT NULL AUTO_INCREMENT,
  `IDTratta` int(11) NOT NULL,
  `Lat` double NOT NULL,
  `Lon` double NOT NULL,
  `IDPrima` int(11) DEFAULT NULL,
  `IDDopo` int(11) DEFAULT NULL,
  `Offset` int(11) NOT NULL COMMENT 'offset rispetto all''inizio della linea',
  PRIMARY KEY (`IDTappa`),
  KEY `IDTratta` (`IDTratta`)
) ENGINE=InnoDB  DEFAULT CHARSET=latin1 COLLATE=latin1_general_ci AUTO_INCREMENT=29702 ;

--
-- Dump dei dati per la tabella `Tappe`
--

INSERT INTO `Tappe` (`IDTappa`, `IDTratta`, `Lat`, `Lon`, `IDPrima`, `IDDopo`, `Offset`) VALUES
(26914, 235, 44.46005289, 7.39337603, NULL, 2, 0),
(26915, 235, 44.45994758, 7.39478163, 2, 3, 2345),
(26916, 235, 44.45977759, 7.39614595, 2, 3, 16545),
(26917, 235, 44.4598961, 7.39764044, 2, 3, 24547),
(26918, 235, 44.46010395, 7.39911523, 2, 3, 31547),
(26919, 235, 44.46023076, 7.40048992, 2, 3, 37546),
(26920, 235, 44.46047588, 7.40212293, 2, 3, 42543),
(26921, 235, 44.46060989, 7.40396745, 2, 3, 48574),
(26922, 235, 44.46075773, 7.40528708, 2, 3, 54543),
(26923, 235, 44.46095855, 7.40696266, 2, 3, 58546),
(26924, 235, 44.46122439, 7.40825687, 2, 3, 63545),
(26925, 235, 44.46154912, 7.409921, 2, 3, 67544),
(26926, 235, 44.46183918, 7.41119759, 2, 3, 72543),
(26927, 235, 44.46211989, 7.41277088, 2, 3, 76546),
(26928, 235, 44.46222031, 7.41464446, 2, 3, 81546),
(26929, 235, 44.46230701, 7.41649396, 2, 3, 87545),
(26930, 235, 44.4625669, 7.41820271, 2, 3, 93546),
(26931, 235, 44.46292541, 7.41964894, 2, 3, 99546),
(26932, 235, 44.46325415, 7.42097429, 2, 3, 105547),
(26933, 235, 44.46396625, 7.422164, 2, 3, 112546),
(26934, 235, 44.464538, 7.4231876, 2, 3, 120547),
(26935, 235, 44.4656093, 7.42334518, 2, 3, 127545),
(26936, 235, 44.46657487, 7.42305029, 2, 3, 135547),
(26937, 235, 44.46758834, 7.42276032, 2, 3, 141546),
(26938, 235, 44.46848223, 7.42251007, 2, 3, 147546),
(26939, 235, 44.46955691, 7.42302791, 2, 3, 153544),
(26940, 235, 44.4700989, 7.42420345, 2, 3, 162597),
(26941, 235, 44.47071535, 7.42551365, 2, 3, 168549),
(26942, 235, 44.47141644, 7.42694742, 2, 3, 174548),
(26943, 235, 44.47208207, 7.42831096, 2, 3, 180548),
(26944, 235, 44.47267653, 7.4293734, 2, 3, 186546),
(26945, 235, 44.47332452, 7.43037966, 2, 3, 192545),
(26946, 235, 44.47392539, 7.43131948, 3, 4, 198547),
(26947, 235, 44.4744432, 7.43244352, 3, 4, 204546),
(26948, 235, 44.47479502, 7.43372498, 3, 4, 231545),
(26949, 235, 44.47514403, 7.43504537, 3, 4, 247562),
(26950, 235, 44.47552808, 7.43624299, 3, 4, 255546),
(26951, 235, 44.4761967, 7.43753713, 3, 4, 261546),
(26952, 235, 44.47682004, 7.43902216, 3, 4, 267547),
(26953, 235, 44.47731661, 7.44055496, 3, 4, 273547),
(26954, 235, 44.47771385, 7.44208635, 3, 4, 279545),
(26955, 235, 44.47804337, 7.44346932, 3, 4, 285545),
(26956, 235, 44.4783663, 7.4446687, 3, 4, 291547),
(26957, 235, 44.4788083, 7.44582044, 3, 4, 297546),
(26958, 235, 44.47937132, 7.44698805, 3, 4, 303548),
(26959, 235, 44.47997384, 7.44816854, 3, 4, 309546),
(26960, 235, 44.48060301, 7.44940789, 3, 4, 315542),
(26961, 235, 44.48131046, 7.45067092, 4, 5, 321552),
(26962, 235, 44.48203171, 7.4519966, 4, 5, 327557),
(26963, 235, 44.48291146, 7.4531529, 4, 5, 333543),
(26964, 235, 44.4839586, 7.45424677, 4, 5, 339545),
(26965, 235, 44.48466524, 7.45504829, 4, 5, 345542),
(26966, 235, 44.48546668, 7.45621029, 4, 5, 349546),
(26967, 235, 44.4861141, 7.45719302, 4, 5, 354542),
(26968, 235, 44.48690867, 7.45840038, 4, 5, 358545),
(26969, 235, 44.48755294, 7.45934031, 4, 5, 363549),
(26970, 235, 44.48830912, 7.46046546, 4, 5, 367561),
(26971, 235, 44.48903291, 7.46188015, 4, 5, 372545),
(26972, 235, 44.48967291, 7.46352775, 4, 5, 378545),
(26973, 235, 44.49008758, 7.46472662, 4, 5, 384547),
(26974, 235, 44.49126466, 7.46777482, 4, 5, 388546),
(26975, 235, 44.49183135, 7.46943446, 4, 5, 394595),
(26976, 235, 44.49241464, 7.4708808, 4, 5, 400547),
(26977, 235, 44.492938, 7.4721517, 4, 5, 406546),
(26978, 235, 44.49341137, 7.47339359, 4, 5, 412555),
(26979, 235, 44.49379027, 7.47462582, 4, 5, 419675),
(26980, 235, 44.49479565, 7.47527495, 4, 5, 430546),
(26981, 235, 44.49574555, 7.47565155, 4, 5, 445547),
(26982, 235, 44.49670064, 7.47602869, 4, 5, 452546),
(26983, 235, 44.49760982, 7.47652712, 4, 5, 458548),
(26984, 235, 44.49870697, 7.47730344, 4, 5, 463546),
(26985, 235, 44.49956928, 7.47769645, 4, 5, 469545),
(26986, 235, 44.50072112, 7.47818987, 4, 5, 473554),
(26987, 235, 44.50164539, 7.4785657, 4, 5, 478546),
(26988, 235, 44.5027611, 7.47901414, 4, 5, 482548),
(26989, 235, 44.5036434, 7.47939357, 4, 5, 487548),
(26990, 235, 44.50465621, 7.47979453, 4, 5, 491547),
(26991, 235, 44.50579006, 7.48003678, 4, 5, 496547),
(26992, 235, 44.50683685, 7.47991992, 4, 5, 502549),
(26993, 235, 44.50780153, 7.48014815, 4, 5, 508542),
(26994, 235, 44.50872712, 7.48081757, 4, 5, 515575),
(26995, 235, 44.50959835, 7.48148356, 4, 5, 523546),
(26996, 235, 44.50993404, 7.48281029, 4, 5, 532546),
(26997, 235, 44.51032264, 7.4839983, 4, 5, 541546),
(26998, 235, 44.51102423, 7.48317147, 4, 5, 554566),
(26999, 235, 44.51171171, 7.48219742, 4, 5, 569545),
(27000, 235, 44.51238667, 7.48121239, 4, 5, 577546),
(27001, 235, 44.51305052, 7.48029731, 4, 5, 584545),
(27002, 235, 44.5136821, 7.47938908, 4, 5, 590546),
(27003, 235, 44.51449914, 7.47875059, 5, 6, 596546),
(27004, 235, 44.51537022, 7.47835597, 5, 6, 604543),
(27005, 235, 44.5144798, 7.47870337, 5, 6, 613541),
(27006, 235, 44.5136222, 7.47944648, 5, 6, 625043),
(27007, 235, 44.51290891, 7.48049953, 5, 6, 633028),
(27008, 235, 44.51219397, 7.48149512, 5, 6, 640026),
(27009, 235, 44.51151732, 7.48244129, 5, 6, 646026),
(27010, 235, 44.51085042, 7.48341623, 5, 6, 652024),
(27011, 235, 44.5108329, 7.48475994, 5, 6, 660023),
(27012, 235, 44.51163519, 7.48590572, 5, 6, 684028),
(27013, 235, 44.51235907, 7.48692998, 5, 6, 693034),
(27014, 235, 44.51315547, 7.48821434, 5, 6, 700025),
(27015, 235, 44.51345001, 7.48954942, 5, 6, 708028),
(27016, 235, 44.5133813, 7.49089411, 6, 7, 714025),
(27017, 235, 44.51335576, 7.49215892, 6, 7, 720026),
(27018, 235, 44.5135689, 7.49342477, 6, 7, 730032),
(27019, 235, 44.51397844, 7.49459255, 6, 7, 772023),
(27020, 235, 44.51462008, 7.49575431, 6, 7, 780029),
(27021, 235, 44.51528957, 7.49696034, 6, 7, 787040),
(27022, 235, 44.51596412, 7.49789119, 6, 7, 793026),
(27023, 235, 44.51776899, 7.50000012, 6, 7, 804026),
(27024, 235, 44.51695213, 7.49876114, 6, 7, 798027),
(27025, 235, 44.51853587, 7.50126348, 6, 7, 810027),
(27026, 235, 44.51901655, 7.50255635, 6, 7, 816025),
(27027, 235, 44.5196653, 7.5037722, 6, 7, 822027),
(27028, 235, 44.52051854, 7.50472873, 6, 7, 828025),
(27029, 235, 44.52154611, 7.505788, 6, 7, 834025),
(27030, 235, 44.52240122, 7.50722172, 6, 7, 840027),
(27031, 235, 44.5229868, 7.50827129, 6, 7, 846026),
(27032, 235, 44.52377117, 7.50960859, 6, 7, 850026),
(27033, 235, 44.52447497, 7.51054996, 6, 7, 855026),
(27034, 235, 44.52605535, 7.5125527, 6, 7, 864024),
(27035, 235, 44.52533996, 7.5117064, 6, 7, 859026),
(27036, 235, 44.5281018, 7.51443451, 6, 7, 868025),
(27037, 235, 44.52910372, 7.51570814, 6, 7, 874025),
(27038, 235, 44.53011291, 7.51689143, 6, 7, 880025),
(27039, 235, 44.53110661, 7.51808089, 6, 7, 886038),
(27040, 235, 44.5316321, 7.51914679, 6, 7, 892034),
(27041, 235, 44.53211139, 7.5204929, 6, 7, 896031),
(27042, 235, 44.53272117, 7.52195631, 6, 7, 901023),
(27043, 235, 44.53353814, 7.52304729, 6, 7, 907026),
(27044, 235, 44.53445999, 7.5244544, 6, 7, 913027),
(27045, 235, 44.53506769, 7.52545348, 6, 7, 919026),
(27046, 235, 44.53577989, 7.52675254, 6, 7, 923026),
(27047, 235, 44.53633883, 7.52836724, 6, 7, 928026),
(27048, 235, 44.53725424, 7.52968307, 6, 7, 934021),
(27049, 235, 44.53823593, 7.53087863, 6, 7, 940024),
(27050, 235, 44.53922608, 7.5320032, 6, 7, 946025),
(27051, 235, 44.5400817, 7.53303938, 6, 7, 952026),
(27052, 235, 44.54138437, 7.53494898, 6, 7, 964027),
(27053, 235, 44.54077077, 7.53394801, 6, 7, 958025),
(27054, 235, 44.54198284, 7.53605353, 6, 7, 971022),
(27055, 235, 44.54254875, 7.53707632, 6, 7, 979025),
(27056, 235, 44.54341565, 7.53758723, 7, 8, 989028),
(27057, 235, 44.54422976, 7.53844667, 7, 8, 1012029),
(27058, 235, 44.54495264, 7.53921959, 8, 9, 1024028),
(27059, 235, 44.54559585, 7.54014507, 8, 9, 1046929),
(27060, 235, 44.54485243, 7.54091802, 8, 9, 1084908),
(27061, 235, 44.54395505, 7.54137543, 8, 9, 1150912),
(27062, 235, 44.54356504, 7.54258347, 8, 9, 1177912),
(27063, 235, 44.54344989, 7.54396463, 8, 9, 1226913),
(27064, 235, 44.54327306, 7.5454677, 8, 9, 1235906),
(27065, 235, 44.5429571, 7.54688518, 8, 9, 1243911),
(27066, 235, 44.54258069, 7.548048, 8, 9, 1252909),
(27067, 235, 44.54262965, 7.54941016, 8, 9, 1270905),
(27068, 235, 44.5424351, 7.55081498, 8, 9, 1279911),
(27069, 235, 44.54194318, 7.55207314, 8, 9, 1286923),
(27070, 235, 44.54125247, 7.5530454, 8, 9, 1292910),
(27071, 235, 44.54039377, 7.55422059, 8, 9, 1297910),
(27072, 235, 44.53948414, 7.5554905, 8, 9, 1303909),
(27073, 235, 44.53859217, 7.55688539, 8, 9, 1309910),
(27074, 235, 44.53800205, 7.55789122, 8, 9, 1315911),
(27075, 235, 44.53732577, 7.55903349, 8, 9, 1319910),
(27076, 235, 44.5368717, 7.56047073, 8, 9, 1324910),
(27077, 235, 44.53666948, 7.56178307, 8, 9, 1330910),
(27078, 235, 44.53635304, 7.56310343, 8, 9, 1336910),
(27079, 235, 44.5359414, 7.56442719, 8, 9, 1343910),
(27080, 235, 44.53555099, 7.56568352, 8, 9, 1351909),
(27081, 235, 44.53512973, 7.56728608, 8, 9, 1358908),
(27082, 235, 44.53488109, 7.56858503, 8, 9, 1366943),
(27083, 235, 44.53464121, 7.56997397, 8, 9, 1372911),
(27084, 235, 44.53453448, 7.57144113, 8, 9, 1378912),
(27085, 235, 44.5337482, 7.57398897, 8, 9, 1384910),
(27086, 235, 44.53302522, 7.57730268, 8, 9, 1390904),
(27087, 235, 44.53336561, 7.57553787, 8, 9, 1396906),
(27088, 235, 44.5327713, 7.57861381, 8, 9, 1402911),
(27089, 235, 44.532461, 7.5802952, 8, 9, 1406904),
(27090, 235, 44.53221593, 7.58160168, 8, 9, 1411909),
(27091, 235, 44.53192863, 7.58313327, 8, 9, 1415909),
(27092, 235, 44.53161504, 7.58475332, 8, 9, 1420909),
(27093, 235, 44.53149666, 7.58620182, 8, 9, 1426910),
(27094, 235, 44.53171191, 7.58764242, 8, 9, 1432906),
(27095, 235, 44.5320501, 7.58895638, 8, 9, 1438926),
(27096, 235, 44.53250214, 7.59028695, 8, 9, 1444909),
(27097, 235, 44.53324844, 7.59284182, 8, 9, 1450923),
(27098, 235, 44.53337765, 7.59417183, 9, 10, 1457916),
(27099, 235, 44.53369906, 7.59539616, 9, 10, 1466922),
(27100, 235, 44.53419162, 7.59648589, 9, 10, 1478920),
(27101, 235, 44.53471101, 7.59770511, 9, 10, 1498921),
(27102, 235, 44.5351528, 7.59889524, 9, 10, 1507920),
(27103, 235, 44.53555093, 7.60040359, 9, 10, 1514920),
(27104, 235, 44.53579807, 7.60169241, 9, 10, 1522918),
(27105, 235, 44.53591999, 7.60304152, 9, 10, 1528920),
(27106, 235, 44.53561341, 7.60452555, 9, 10, 1535919),
(27107, 235, 44.53537106, 7.60573951, 9, 10, 1543919),
(27108, 235, 44.53544346, 7.60702723, 9, 10, 1549919),
(27109, 235, 44.5356959, 7.60867637, 9, 10, 1555919),
(27110, 235, 44.53575375, 7.60999196, 9, 10, 1564938),
(27111, 235, 44.53604543, 7.61118498, 9, 10, 1578919),
(27112, 235, 44.53621354, 7.61243468, 9, 10, 1589919),
(27113, 235, 44.53636316, 7.61369803, 9, 10, 1596916),
(27114, 235, 44.53658339, 7.6151985, 9, 10, 1602918),
(27115, 235, 44.53679671, 7.61642282, 9, 10, 1610919),
(27116, 235, 44.53707304, 7.6179401, 9, 10, 1617920),
(27117, 235, 44.53709304, 7.61927904, 9, 10, 1625919),
(27118, 235, 44.53689454, 7.62051324, 9, 10, 1632919),
(27119, 235, 44.53658497, 7.62182554, 9, 10, 1638921),
(27120, 235, 44.53612378, 7.62309686, 9, 10, 1644919),
(27121, 235, 44.53557087, 7.6243505, 9, 10, 1650919),
(27122, 235, 44.53499226, 7.62548533, 10, 11, 1656919),
(27123, 235, 44.53439001, 7.62663919, 10, 11, 1662918),
(27124, 235, 44.53378551, 7.62784845, 10, 11, 1670935),
(27125, 235, 44.53343935, 7.62907717, 10, 11, 1709916),
(27126, 235, 44.53344007, 7.6304945, 10, 11, 1718917),
(27127, 235, 44.53356861, 7.63212141, 10, 11, 1725919),
(27128, 235, 44.53356079, 7.63346523, 10, 11, 1733918),
(27129, 235, 44.53336292, 7.6348237, 10, 11, 1740915),
(27130, 235, 44.53320866, 7.63611832, 10, 11, 1748931),
(27131, 235, 44.53301077, 7.63745841, 10, 11, 1764918),
(27132, 235, 44.53261727, 7.63873663, 10, 11, 1775918),
(27133, 235, 44.53218434, 7.63991878, 10, 11, 1787919),
(27134, 235, 44.53172423, 7.64110328, 10, 11, 1796917),
(27135, 235, 44.53129248, 7.64239112, 10, 11, 1842920),
(27136, 235, 44.53133795, 7.64373449, 10, 11, 1853919),
(27137, 235, 44.53163987, 7.64509314, 10, 11, 1860917),
(27138, 235, 44.53195924, 7.64654865, 10, 11, 1866918),
(27139, 235, 44.53226447, 7.64780788, 10, 11, 1872922),
(27140, 235, 44.53259695, 7.64927196, 10, 11, 1877917),
(27141, 235, 44.53298472, 7.65062911, 10, 11, 1883917),
(27142, 235, 44.53350807, 7.65197456, 10, 11, 1889916),
(27143, 235, 44.5340613, 7.65312648, 10, 11, 1895915),
(27144, 235, 44.53458395, 7.65420832, 10, 11, 1901916),
(27145, 235, 44.53754463, 7.66011247, 10, 11, 1908925),
(27146, 235, 44.53691938, 7.65891968, 10, 11, 1914925),
(27147, 235, 44.53631674, 7.65772896, 10, 11, 1920922),
(27148, 235, 44.53808939, 7.66130791, 10, 11, 1926921),
(27149, 235, 44.53520949, 7.65550372, 10, 11, 1932923),
(27150, 235, 44.53866405, 7.66247705, 10, 11, 1940945),
(27151, 235, 44.53575753, 7.65660841, 10, 11, 1947944),
(27152, 235, 44.53932233, 7.66383003, 10, 11, 1953916),
(27153, 235, 44.53967798, 7.66500806, 10, 11, 1961915),
(27154, 235, 44.53979016, 7.66641609, 10, 11, 1967924),
(27155, 235, 44.53983648, 7.6677105, 10, 11, 1974918),
(27156, 235, 44.53991971, 7.66917827, 10, 11, 1980923),
(27157, 235, 44.54002321, 7.67061485, 10, 11, 1986917),
(27158, 235, 44.54009224, 7.67211418, 10, 11, 1992918),
(27159, 235, 44.54013031, 7.67362174, 10, 11, 1998914),
(27160, 235, 44.54017016, 7.6749539, 10, 11, 2004919),
(27161, 235, 44.54029498, 7.67643512, 10, 11, 2009916),
(27162, 235, 44.5405039, 7.67790824, 10, 11, 2015916),
(27163, 235, 44.54069764, 7.67934266, 10, 11, 2021917),
(27164, 235, 44.54085067, 7.68082001, 10, 11, 2027920),
(27165, 235, 44.54097279, 7.68220729, 10, 11, 2033917),
(27166, 235, 44.54122466, 7.68361011, 10, 11, 2039917),
(27167, 235, 44.54143044, 7.68509555, 10, 11, 2045917),
(27168, 235, 44.54158926, 7.68662257, 10, 11, 2051912),
(27169, 235, 44.54175695, 7.68812098, 10, 11, 2057917),
(27170, 235, 44.54202651, 7.68968549, 10, 11, 2063914),
(27171, 235, 44.5423233, 7.69123977, 10, 11, 2069913),
(27172, 235, 44.54261798, 7.6928071, 10, 11, 2075918),
(27173, 235, 44.54282314, 7.6943486, 10, 11, 2081935),
(27174, 235, 44.5429319, 7.69577961, 10, 11, 2087918),
(27175, 235, 44.54311337, 7.69720237, 10, 11, 2093917),
(27176, 235, 44.54332633, 7.69852034, 10, 11, 2099915),
(27177, 235, 44.54358292, 7.69972695, 10, 11, 2105916),
(27178, 235, 44.54392074, 7.70110903, 10, 11, 2111917),
(27179, 235, 44.54429513, 7.70269104, 10, 11, 2118917),
(27180, 235, 44.54456014, 7.70396105, 10, 11, 2126917),
(27181, 235, 44.54496442, 7.70523218, 10, 11, 2132917),
(27182, 235, 44.54543799, 7.70637378, 10, 11, 2138918),
(27183, 235, 44.54600412, 7.70759355, 10, 11, 2144916),
(27184, 235, 44.54680582, 7.71164594, 10, 11, 2168913),
(27185, 235, 44.54657961, 7.70894632, 10, 11, 2151917),
(27186, 235, 44.54679287, 7.71034871, 10, 11, 2159916),
(27187, 235, 44.54690297, 7.71298943, 11, 12, 2196917),
(27188, 235, 44.54692748, 7.71444326, 11, 12, 2211917),
(27189, 235, 44.54701451, 7.71580703, 11, 12, 2222916),
(27190, 235, 44.54606956, 7.7159957, 11, 12, 2238914),
(27191, 235, 44.54513453, 7.71602305, 11, 12, 2259919),
(27192, 235, 44.54493188, 7.71733104, 11, 12, 2279914),
(27193, 235, 44.5458038, 7.71771904, 11, 12, 2297916),
(27194, 235, 44.54674216, 7.71775469, 11, 12, 2316916),
(27195, 235, 44.5476881, 7.71774277, 11, 12, 2328913),
(27196, 235, 44.54860677, 7.71791701, 12, 13, 2348931),
(27197, 235, 44.54949652, 7.71817155, 12, 13, 2358915),
(27198, 235, 44.55015585, 7.7191791, 12, 13, 2381914),
(27199, 235, 44.55020834, 7.72052786, 12, 13, 2450914),
(27200, 235, 44.5508875, 7.7214403, 12, 13, 2465918),
(27201, 235, 44.55180994, 7.72135162, 12, 13, 2495914),
(27202, 235, 44.55239515, 7.72237011, 12, 13, 2511914),
(27203, 235, 44.55249663, 7.72362367, 12, 13, 2534914),
(27204, 235, 44.55259604, 7.72489463, 12, 13, 2544914),
(27205, 235, 44.55275052, 7.72616627, 13, 14, 2556915),
(27206, 235, 44.55342568, 7.72705206, 13, 14, 2601916),
(27207, 235, 44.55411132, 7.72799467, 13, 14, 2675913),
(27208, 235, 44.55474349, 7.72893271, 13, 14, 2693913),
(27209, 235, 44.55541292, 7.72984494, 13, 14, 2706915),
(27210, 235, 44.55597937, 7.73085446, 13, 14, 2718915),
(27211, 235, 44.55665548, 7.73184152, 13, 14, 2733913),
(27212, 235, 44.55726333, 7.7328959, 13, 14, 2744910),
(27213, 236, 44.46005289, 7.39337603, NULL, 2, 0),
(27214, 236, 44.45994758, 7.39478163, 2, 3, 2345),
(27215, 236, 44.45977759, 7.39614595, 2, 3, 16545),
(27216, 236, 44.4598961, 7.39764044, 2, 3, 24547),
(27217, 236, 44.46010395, 7.39911523, 2, 3, 31547),
(27218, 236, 44.46023076, 7.40048992, 2, 3, 37546),
(27219, 236, 44.46047588, 7.40212293, 2, 3, 42543),
(27220, 236, 44.46060989, 7.40396745, 2, 3, 48574),
(27221, 236, 44.46075773, 7.40528708, 2, 3, 54543),
(27222, 236, 44.46095855, 7.40696266, 2, 3, 58546),
(27223, 236, 44.46122439, 7.40825687, 2, 3, 63545),
(27224, 236, 44.46154912, 7.409921, 2, 3, 67544),
(27225, 236, 44.46211989, 7.41277088, 2, 3, 76546),
(27226, 236, 44.46183918, 7.41119759, 2, 3, 72543),
(27227, 236, 44.46222031, 7.41464446, 2, 3, 81546),
(27228, 236, 44.46230701, 7.41649396, 2, 3, 87545),
(27229, 236, 44.4625669, 7.41820271, 2, 3, 93546),
(27230, 236, 44.46292541, 7.41964894, 2, 3, 99546),
(27231, 236, 44.46325415, 7.42097429, 2, 3, 105547),
(27232, 236, 44.46396625, 7.422164, 2, 3, 112546),
(27233, 236, 44.464538, 7.4231876, 2, 3, 120547),
(27234, 236, 44.4656093, 7.42334518, 2, 3, 127545),
(27235, 236, 44.46657487, 7.42305029, 2, 3, 135547),
(27236, 236, 44.46758834, 7.42276032, 2, 3, 141546),
(27237, 236, 44.46848223, 7.42251007, 2, 3, 147546),
(27238, 236, 44.46955691, 7.42302791, 2, 3, 153544),
(27239, 236, 44.4700989, 7.42420345, 2, 3, 162597),
(27240, 236, 44.47071535, 7.42551365, 2, 3, 168549),
(27241, 236, 44.47141644, 7.42694742, 2, 3, 174548),
(27242, 236, 44.47208207, 7.42831096, 2, 3, 180548),
(27243, 236, 44.47267653, 7.4293734, 2, 3, 186546),
(27244, 236, 44.47332452, 7.43037966, 2, 3, 192545),
(27245, 236, 44.47392539, 7.43131948, 3, 4, 198547),
(27246, 236, 44.4744432, 7.43244352, 3, 4, 204546),
(27247, 236, 44.47479502, 7.43372498, 3, 4, 231545),
(27248, 236, 44.47514403, 7.43504537, 3, 4, 247562),
(27249, 236, 44.47552808, 7.43624299, 3, 4, 255546),
(27250, 236, 44.4761967, 7.43753713, 3, 4, 261546),
(27251, 236, 44.47682004, 7.43902216, 3, 4, 267547),
(27252, 236, 44.47731661, 7.44055496, 3, 4, 273547),
(27253, 236, 44.47771385, 7.44208635, 3, 4, 279545),
(27254, 236, 44.47804337, 7.44346932, 3, 4, 285545),
(27255, 236, 44.4783663, 7.4446687, 3, 4, 291547),
(27256, 236, 44.4788083, 7.44582044, 3, 4, 297546),
(27257, 236, 44.47937132, 7.44698805, 3, 4, 303548),
(27258, 236, 44.47997384, 7.44816854, 3, 4, 309546),
(27259, 236, 44.48060301, 7.44940789, 3, 4, 315542),
(27260, 236, 44.48131046, 7.45067092, 4, 5, 321552),
(27261, 236, 44.48203171, 7.4519966, 4, 5, 327557),
(27262, 236, 44.48291146, 7.4531529, 4, 5, 333543),
(27263, 236, 44.4839586, 7.45424677, 4, 5, 339545),
(27264, 236, 44.48466524, 7.45504829, 4, 5, 345542),
(27265, 236, 44.48546668, 7.45621029, 4, 5, 349546),
(27266, 236, 44.4861141, 7.45719302, 4, 5, 354542),
(27267, 236, 44.48690867, 7.45840038, 4, 5, 358545),
(27268, 236, 44.48755294, 7.45934031, 4, 5, 363549),
(27269, 236, 44.48830912, 7.46046546, 4, 5, 367561),
(27270, 236, 44.48903291, 7.46188015, 4, 5, 372545),
(27271, 236, 44.48967291, 7.46352775, 4, 5, 378545),
(27272, 236, 44.49126466, 7.46777482, 4, 5, 388546),
(27273, 236, 44.49008758, 7.46472662, 4, 5, 384547),
(27274, 236, 44.49183135, 7.46943446, 4, 5, 394595),
(27275, 236, 44.49241464, 7.4708808, 4, 5, 400547),
(27276, 236, 44.492938, 7.4721517, 4, 5, 406546),
(27277, 236, 44.49341137, 7.47339359, 4, 5, 412555),
(27278, 236, 44.49379027, 7.47462582, 4, 5, 419675),
(27279, 236, 44.49479565, 7.47527495, 4, 5, 430546),
(27280, 236, 44.49574555, 7.47565155, 4, 5, 445547),
(27281, 236, 44.49670064, 7.47602869, 4, 5, 452546),
(27282, 236, 44.49760982, 7.47652712, 4, 5, 458548),
(27283, 236, 44.49870697, 7.47730344, 4, 5, 463546),
(27284, 236, 44.49956928, 7.47769645, 4, 5, 469545),
(27285, 236, 44.50072112, 7.47818987, 4, 5, 473554),
(27286, 236, 44.50164539, 7.4785657, 4, 5, 478546),
(27287, 236, 44.5027611, 7.47901414, 4, 5, 482548),
(27288, 236, 44.5036434, 7.47939357, 4, 5, 487548),
(27289, 236, 44.50465621, 7.47979453, 4, 5, 491547),
(27290, 236, 44.50579006, 7.48003678, 4, 5, 496547),
(27291, 236, 44.50683685, 7.47991992, 4, 5, 502549),
(27292, 236, 44.50780153, 7.48014815, 4, 5, 508542),
(27293, 236, 44.50872712, 7.48081757, 4, 5, 515575),
(27294, 236, 44.50959835, 7.48148356, 4, 5, 523546),
(27295, 236, 44.50993404, 7.48281029, 4, 5, 532546),
(27296, 236, 44.51032264, 7.4839983, 4, 5, 541546),
(27297, 236, 44.51102423, 7.48317147, 4, 5, 554566),
(27298, 236, 44.51171171, 7.48219742, 4, 5, 569545),
(27299, 236, 44.51238667, 7.48121239, 4, 5, 577546),
(27300, 236, 44.51305052, 7.48029731, 4, 5, 584545),
(27301, 236, 44.5136821, 7.47938908, 4, 5, 590546),
(27302, 236, 44.51449914, 7.47875059, 5, 6, 596546),
(27303, 236, 44.51537022, 7.47835597, 5, 6, 604543),
(27304, 236, 44.5144798, 7.47870337, 5, 6, 613541),
(27305, 236, 44.5136222, 7.47944648, 5, 6, 625043),
(27306, 236, 44.51290891, 7.48049953, 5, 6, 633028),
(27307, 236, 44.51219397, 7.48149512, 5, 6, 640026),
(27308, 236, 44.51085042, 7.48341623, 5, 6, 652024),
(27309, 236, 44.51151732, 7.48244129, 5, 6, 646026),
(27310, 236, 44.5108329, 7.48475994, 5, 6, 660023),
(27311, 236, 44.51163519, 7.48590572, 5, 6, 684028),
(27312, 236, 44.51235907, 7.48692998, 5, 6, 693034),
(27313, 236, 44.51315547, 7.48821434, 5, 6, 700025),
(27314, 236, 44.51345001, 7.48954942, 5, 6, 708028),
(27315, 236, 44.5133813, 7.49089411, 6, 7, 714025),
(27316, 236, 44.51335576, 7.49215892, 6, 7, 720026),
(27317, 236, 44.5135689, 7.49342477, 6, 7, 730032),
(27318, 236, 44.51397844, 7.49459255, 6, 7, 772023),
(27319, 236, 44.51462008, 7.49575431, 6, 7, 780029),
(27320, 236, 44.51528957, 7.49696034, 6, 7, 787040),
(27321, 236, 44.51596412, 7.49789119, 6, 7, 793026),
(27322, 236, 44.51695213, 7.49876114, 6, 7, 798027),
(27323, 236, 44.51776899, 7.50000012, 6, 7, 804026),
(27324, 236, 44.51853587, 7.50126348, 6, 7, 810027),
(27325, 236, 44.51901655, 7.50255635, 6, 7, 816025),
(27326, 236, 44.5196653, 7.5037722, 6, 7, 822027),
(27327, 236, 44.52051854, 7.50472873, 6, 7, 828025),
(27328, 236, 44.52154611, 7.505788, 6, 7, 834025),
(27329, 236, 44.52240122, 7.50722172, 6, 7, 840027),
(27330, 236, 44.5229868, 7.50827129, 6, 7, 846026),
(27331, 236, 44.52377117, 7.50960859, 6, 7, 850026),
(27332, 236, 44.52447497, 7.51054996, 6, 7, 855026),
(27333, 236, 44.52533996, 7.5117064, 6, 7, 859026),
(27334, 236, 44.5281018, 7.51443451, 6, 7, 868025),
(27335, 236, 44.52605535, 7.5125527, 6, 7, 864024),
(27336, 236, 44.52910372, 7.51570814, 6, 7, 874025),
(27337, 236, 44.53011291, 7.51689143, 6, 7, 880025),
(27338, 236, 44.53110661, 7.51808089, 6, 7, 886038),
(27339, 236, 44.5316321, 7.51914679, 6, 7, 892034),
(27340, 236, 44.53211139, 7.5204929, 6, 7, 896031),
(27341, 236, 44.53272117, 7.52195631, 6, 7, 901023),
(27342, 236, 44.53353814, 7.52304729, 6, 7, 907026),
(27343, 236, 44.53445999, 7.5244544, 6, 7, 913027),
(27344, 236, 44.53506769, 7.52545348, 6, 7, 919026),
(27345, 236, 44.53577989, 7.52675254, 6, 7, 923026),
(27346, 236, 44.53633883, 7.52836724, 6, 7, 928026),
(27347, 236, 44.53725424, 7.52968307, 6, 7, 934021),
(27348, 236, 44.53823593, 7.53087863, 6, 7, 940024),
(27349, 236, 44.53922608, 7.5320032, 6, 7, 946025),
(27350, 236, 44.5400817, 7.53303938, 6, 7, 952026),
(27351, 236, 44.54077077, 7.53394801, 6, 7, 958025),
(27352, 236, 44.54138437, 7.53494898, 6, 7, 964027),
(27353, 236, 44.54198284, 7.53605353, 6, 7, 971022),
(27354, 236, 44.54254875, 7.53707632, 6, 7, 979025),
(27355, 236, 44.54341565, 7.53758723, 7, 8, 989028),
(27356, 236, 44.54422976, 7.53844667, 7, 8, 1012029),
(27357, 236, 44.54495264, 7.53921959, 8, 9, 1024028),
(27358, 236, 44.54559585, 7.54014507, 8, 9, 1046929),
(27359, 236, 44.54485243, 7.54091802, 8, 9, 1084908),
(27360, 236, 44.54395505, 7.54137543, 8, 9, 1150912),
(27361, 236, 44.54356504, 7.54258347, 8, 9, 1177912),
(27362, 236, 44.54344989, 7.54396463, 8, 9, 1226913),
(27363, 236, 44.54327306, 7.5454677, 8, 9, 1235906),
(27364, 236, 44.5429571, 7.54688518, 8, 9, 1243911),
(27365, 236, 44.54258069, 7.548048, 8, 9, 1252909),
(27366, 236, 44.54262965, 7.54941016, 8, 9, 1270905),
(27367, 236, 44.5424351, 7.55081498, 8, 9, 1279911),
(27368, 236, 44.54194318, 7.55207314, 8, 9, 1286923),
(27369, 236, 44.54125247, 7.5530454, 8, 9, 1292910),
(27370, 236, 44.54039377, 7.55422059, 8, 9, 1297910),
(27371, 236, 44.53948414, 7.5554905, 8, 9, 1303909),
(27372, 236, 44.53859217, 7.55688539, 8, 9, 1309910),
(27373, 236, 44.53800205, 7.55789122, 8, 9, 1315911),
(27374, 236, 44.53732577, 7.55903349, 8, 9, 1319910),
(27375, 236, 44.5368717, 7.56047073, 8, 9, 1324910),
(27376, 236, 44.53666948, 7.56178307, 8, 9, 1330910),
(27377, 236, 44.53635304, 7.56310343, 8, 9, 1336910),
(27378, 236, 44.5359414, 7.56442719, 8, 9, 1343910),
(27379, 236, 44.53555099, 7.56568352, 8, 9, 1351909),
(27380, 236, 44.53512973, 7.56728608, 8, 9, 1358908),
(27381, 236, 44.53488109, 7.56858503, 8, 9, 1366943),
(27382, 236, 44.53464121, 7.56997397, 8, 9, 1372911),
(27383, 236, 44.53453448, 7.57144113, 8, 9, 1378912),
(27384, 236, 44.5337482, 7.57398897, 8, 9, 1384910),
(27385, 236, 44.53302522, 7.57730268, 8, 9, 1390904),
(27386, 236, 44.53336561, 7.57553787, 8, 9, 1396906),
(27387, 236, 44.5327713, 7.57861381, 8, 9, 1402911),
(27388, 236, 44.532461, 7.5802952, 8, 9, 1406904),
(27389, 236, 44.53221593, 7.58160168, 8, 9, 1411909),
(27390, 236, 44.53192863, 7.58313327, 8, 9, 1415909),
(27391, 236, 44.53161504, 7.58475332, 8, 9, 1420909),
(27392, 236, 44.53149666, 7.58620182, 8, 9, 1426910),
(27393, 236, 44.53171191, 7.58764242, 8, 9, 1432906),
(27394, 236, 44.5320501, 7.58895638, 8, 9, 1438926),
(27395, 236, 44.53250214, 7.59028695, 8, 9, 1444909),
(27396, 236, 44.53324844, 7.59284182, 8, 9, 1450923),
(27397, 236, 44.53337765, 7.59417183, 9, 10, 1457916),
(27398, 236, 44.53369906, 7.59539616, 9, 10, 1466922),
(27399, 236, 44.53419162, 7.59648589, 9, 10, 1478920),
(27400, 236, 44.53471101, 7.59770511, 9, 10, 1498921),
(27401, 236, 44.5351528, 7.59889524, 9, 10, 1507920),
(27402, 236, 44.53555093, 7.60040359, 9, 10, 1514920),
(27403, 236, 44.53579807, 7.60169241, 9, 10, 1522918),
(27404, 236, 44.53591999, 7.60304152, 9, 10, 1528920),
(27405, 236, 44.53561341, 7.60452555, 9, 10, 1535919),
(27406, 236, 44.53537106, 7.60573951, 9, 10, 1543919),
(27407, 236, 44.53544346, 7.60702723, 9, 10, 1549919),
(27408, 236, 44.5356959, 7.60867637, 9, 10, 1555919),
(27409, 236, 44.53575375, 7.60999196, 9, 10, 1564938),
(27410, 236, 44.53604543, 7.61118498, 9, 10, 1578919),
(27411, 236, 44.53621354, 7.61243468, 9, 10, 1589919),
(27412, 236, 44.53636316, 7.61369803, 9, 10, 1596916),
(27413, 236, 44.53658339, 7.6151985, 9, 10, 1602918),
(27414, 236, 44.53679671, 7.61642282, 9, 10, 1610919),
(27415, 236, 44.53709304, 7.61927904, 9, 10, 1625919),
(27416, 236, 44.53707304, 7.6179401, 9, 10, 1617920),
(27417, 236, 44.53658497, 7.62182554, 9, 10, 1638921),
(27418, 236, 44.53689454, 7.62051324, 9, 10, 1632919),
(27419, 236, 44.53612378, 7.62309686, 9, 10, 1644919),
(27420, 236, 44.53557087, 7.6243505, 9, 10, 1650919),
(27421, 236, 44.53499226, 7.62548533, 10, 11, 1656919),
(27422, 236, 44.53439001, 7.62663919, 10, 11, 1662918),
(27423, 236, 44.53378551, 7.62784845, 10, 11, 1670935),
(27424, 236, 44.53343935, 7.62907717, 10, 11, 1709916),
(27425, 236, 44.53344007, 7.6304945, 10, 11, 1718917),
(27426, 236, 44.53356861, 7.63212141, 10, 11, 1725919),
(27427, 236, 44.53356079, 7.63346523, 10, 11, 1733918),
(27428, 236, 44.53336292, 7.6348237, 10, 11, 1740915),
(27429, 236, 44.53320866, 7.63611832, 10, 11, 1748931),
(27430, 236, 44.53301077, 7.63745841, 10, 11, 1764918),
(27431, 236, 44.53261727, 7.63873663, 10, 11, 1775918),
(27432, 236, 44.53218434, 7.63991878, 10, 11, 1787919),
(27433, 236, 44.53172423, 7.64110328, 10, 11, 1796917),
(27434, 236, 44.53129248, 7.64239112, 10, 11, 1842920),
(27435, 236, 44.53133795, 7.64373449, 10, 11, 1853919),
(27436, 236, 44.53163987, 7.64509314, 10, 11, 1860917),
(27437, 236, 44.53195924, 7.64654865, 10, 11, 1866918),
(27438, 236, 44.53226447, 7.64780788, 10, 11, 1872922),
(27439, 236, 44.53259695, 7.64927196, 10, 11, 1877917),
(27440, 236, 44.53298472, 7.65062911, 10, 11, 1883917),
(27441, 236, 44.53350807, 7.65197456, 10, 11, 1889916),
(27442, 236, 44.5340613, 7.65312648, 10, 11, 1895915),
(27443, 236, 44.53458395, 7.65420832, 10, 11, 1901916),
(27444, 236, 44.53691938, 7.65891968, 10, 11, 1914925),
(27445, 236, 44.53754463, 7.66011247, 10, 11, 1908925),
(27446, 236, 44.53631674, 7.65772896, 10, 11, 1920922),
(27447, 236, 44.53808939, 7.66130791, 10, 11, 1926921),
(27448, 236, 44.53520949, 7.65550372, 10, 11, 1932923),
(27449, 236, 44.53866405, 7.66247705, 10, 11, 1940945),
(27450, 236, 44.53575753, 7.65660841, 10, 11, 1947944),
(27451, 236, 44.53932233, 7.66383003, 10, 11, 1953916),
(27452, 236, 44.53967798, 7.66500806, 10, 11, 1961915),
(27453, 236, 44.53979016, 7.66641609, 10, 11, 1967924),
(27454, 236, 44.53983648, 7.6677105, 10, 11, 1974918),
(27455, 236, 44.53991971, 7.66917827, 10, 11, 1980923),
(27456, 236, 44.54002321, 7.67061485, 10, 11, 1986917),
(27457, 236, 44.54009224, 7.67211418, 10, 11, 1992918),
(27458, 236, 44.54013031, 7.67362174, 10, 11, 1998914),
(27459, 236, 44.54017016, 7.6749539, 10, 11, 2004919),
(27460, 236, 44.54029498, 7.67643512, 10, 11, 2009916),
(27461, 236, 44.5405039, 7.67790824, 10, 11, 2015916),
(27462, 236, 44.54069764, 7.67934266, 10, 11, 2021917),
(27463, 236, 44.54085067, 7.68082001, 10, 11, 2027920),
(27464, 236, 44.54097279, 7.68220729, 10, 11, 2033917),
(27465, 236, 44.54122466, 7.68361011, 10, 11, 2039917),
(27466, 236, 44.54143044, 7.68509555, 10, 11, 2045917),
(27467, 236, 44.54158926, 7.68662257, 10, 11, 2051912),
(27468, 236, 44.54175695, 7.68812098, 10, 11, 2057917),
(27469, 236, 44.54202651, 7.68968549, 10, 11, 2063914),
(27470, 236, 44.5423233, 7.69123977, 10, 11, 2069913),
(27471, 236, 44.54282314, 7.6943486, 10, 11, 2081935),
(27472, 236, 44.54261798, 7.6928071, 10, 11, 2075918),
(27473, 236, 44.5429319, 7.69577961, 10, 11, 2087918),
(27474, 236, 44.54311337, 7.69720237, 10, 11, 2093917),
(27475, 236, 44.54332633, 7.69852034, 10, 11, 2099915),
(27476, 236, 44.54358292, 7.69972695, 10, 11, 2105916),
(27477, 236, 44.54392074, 7.70110903, 10, 11, 2111917),
(27478, 236, 44.54429513, 7.70269104, 10, 11, 2118917),
(27479, 236, 44.54456014, 7.70396105, 10, 11, 2126917),
(27480, 236, 44.54496442, 7.70523218, 10, 11, 2132917),
(27481, 236, 44.54543799, 7.70637378, 10, 11, 2138918),
(27482, 236, 44.54600412, 7.70759355, 10, 11, 2144916),
(27483, 236, 44.54657961, 7.70894632, 10, 11, 2151917),
(27484, 236, 44.54679287, 7.71034871, 10, 11, 2159916),
(27485, 236, 44.54680582, 7.71164594, 10, 11, 2168913),
(27486, 236, 44.54690297, 7.71298943, 11, 12, 2196917),
(27487, 236, 44.54692748, 7.71444326, 11, 12, 2211917),
(27488, 236, 44.54701451, 7.71580703, 11, 12, 2222916),
(27489, 236, 44.54606956, 7.7159957, 11, 12, 2238914),
(27490, 236, 44.54513453, 7.71602305, 11, 12, 2259919),
(27491, 236, 44.54493188, 7.71733104, 11, 12, 2279914),
(27492, 236, 44.5458038, 7.71771904, 11, 12, 2297916),
(27493, 236, 44.54674216, 7.71775469, 11, 12, 2316916),
(27494, 236, 44.5476881, 7.71774277, 11, 12, 2328913),
(27495, 236, 44.54860677, 7.71791701, 12, 13, 2348931),
(27496, 236, 44.54949652, 7.71817155, 12, 13, 2358915),
(27497, 236, 44.55015585, 7.7191791, 12, 13, 2381914),
(27498, 236, 44.55020834, 7.72052786, 12, 13, 2450914),
(27499, 236, 44.5508875, 7.7214403, 12, 13, 2465918),
(27500, 236, 44.55180994, 7.72135162, 12, 13, 2495914),
(27501, 236, 44.55239515, 7.72237011, 12, 13, 2511914),
(27502, 236, 44.55249663, 7.72362367, 12, 13, 2534914),
(27503, 236, 44.55259604, 7.72489463, 12, 13, 2544914),
(27504, 236, 44.55275052, 7.72616627, 13, 14, 2556915),
(27505, 236, 44.55342568, 7.72705206, 13, 14, 2601916),
(27506, 236, 44.55411132, 7.72799467, 13, 14, 2675913),
(27507, 236, 44.55474349, 7.72893271, 13, 14, 2693913),
(27508, 236, 44.55541292, 7.72984494, 13, 14, 2706915),
(27509, 236, 44.55597937, 7.73085446, 13, 14, 2718915),
(27510, 236, 44.55665548, 7.73184152, 13, 14, 2733913),
(27511, 236, 44.55726333, 7.7328959, 13, 14, 2744910),
(27512, 237, 44.46005289, 7.39337603, NULL, 2, 0),
(27513, 237, 44.45994758, 7.39478163, 2, 3, 2345),
(27514, 237, 44.45977759, 7.39614595, 2, 3, 16545),
(27515, 237, 44.4598961, 7.39764044, 2, 3, 24547),
(27516, 237, 44.46010395, 7.39911523, 2, 3, 31547),
(27517, 237, 44.46023076, 7.40048992, 2, 3, 37546),
(27518, 237, 44.46047588, 7.40212293, 2, 3, 42543),
(27519, 237, 44.46060989, 7.40396745, 2, 3, 48574),
(27520, 237, 44.46075773, 7.40528708, 2, 3, 54543),
(27521, 237, 44.46095855, 7.40696266, 2, 3, 58546),
(27522, 237, 44.46122439, 7.40825687, 2, 3, 63545),
(27523, 237, 44.46154912, 7.409921, 2, 3, 67544),
(27524, 237, 44.46183918, 7.41119759, 2, 3, 72543),
(27525, 237, 44.46211989, 7.41277088, 2, 3, 76546),
(27526, 237, 44.46222031, 7.41464446, 2, 3, 81546),
(27527, 237, 44.46230701, 7.41649396, 2, 3, 87545),
(27528, 237, 44.4625669, 7.41820271, 2, 3, 93546),
(27529, 237, 44.46292541, 7.41964894, 2, 3, 99546),
(27530, 237, 44.46325415, 7.42097429, 2, 3, 105547),
(27531, 237, 44.46396625, 7.422164, 2, 3, 112546),
(27532, 237, 44.464538, 7.4231876, 2, 3, 120547),
(27533, 237, 44.4656093, 7.42334518, 2, 3, 127545),
(27534, 237, 44.46657487, 7.42305029, 2, 3, 135547),
(27535, 237, 44.46758834, 7.42276032, 2, 3, 141546),
(27536, 237, 44.46848223, 7.42251007, 2, 3, 147546),
(27537, 237, 44.46955691, 7.42302791, 2, 3, 153544),
(27538, 237, 44.4700989, 7.42420345, 2, 3, 162597),
(27539, 237, 44.47071535, 7.42551365, 2, 3, 168549),
(27540, 237, 44.47141644, 7.42694742, 2, 3, 174548),
(27541, 237, 44.47208207, 7.42831096, 2, 3, 180548),
(27542, 237, 44.47267653, 7.4293734, 2, 3, 186546),
(27543, 237, 44.47332452, 7.43037966, 2, 3, 192545),
(27544, 237, 44.47392539, 7.43131948, 3, 4, 198547),
(27545, 237, 44.4744432, 7.43244352, 3, 4, 204546),
(27546, 237, 44.47514403, 7.43504537, 3, 4, 247562),
(27547, 237, 44.47479502, 7.43372498, 3, 4, 231545),
(27548, 237, 44.47552808, 7.43624299, 3, 4, 255546),
(27549, 237, 44.4761967, 7.43753713, 3, 4, 261546),
(27550, 237, 44.47682004, 7.43902216, 3, 4, 267547),
(27551, 237, 44.47731661, 7.44055496, 3, 4, 273547),
(27552, 237, 44.47771385, 7.44208635, 3, 4, 279545),
(27553, 237, 44.47804337, 7.44346932, 3, 4, 285545),
(27554, 237, 44.4783663, 7.4446687, 3, 4, 291547),
(27555, 237, 44.4788083, 7.44582044, 3, 4, 297546),
(27556, 237, 44.47937132, 7.44698805, 3, 4, 303548),
(27557, 237, 44.47997384, 7.44816854, 3, 4, 309546),
(27558, 237, 44.48060301, 7.44940789, 3, 4, 315542),
(27559, 237, 44.48131046, 7.45067092, 4, 5, 321552),
(27560, 237, 44.48203171, 7.4519966, 4, 5, 327557),
(27561, 237, 44.48291146, 7.4531529, 4, 5, 333543),
(27562, 237, 44.4839586, 7.45424677, 4, 5, 339545),
(27563, 237, 44.48466524, 7.45504829, 4, 5, 345542),
(27564, 237, 44.48546668, 7.45621029, 4, 5, 349546),
(27565, 237, 44.4861141, 7.45719302, 4, 5, 354542),
(27566, 237, 44.48690867, 7.45840038, 4, 5, 358545),
(27567, 237, 44.48755294, 7.45934031, 4, 5, 363549),
(27568, 237, 44.48830912, 7.46046546, 4, 5, 367561),
(27569, 237, 44.48903291, 7.46188015, 4, 5, 372545),
(27570, 237, 44.48967291, 7.46352775, 4, 5, 378545),
(27571, 237, 44.49008758, 7.46472662, 4, 5, 384547),
(27572, 237, 44.49126466, 7.46777482, 4, 5, 388546),
(27573, 237, 44.49183135, 7.46943446, 4, 5, 394595),
(27574, 237, 44.49241464, 7.4708808, 4, 5, 400547),
(27575, 237, 44.492938, 7.4721517, 4, 5, 406546),
(27576, 237, 44.49341137, 7.47339359, 4, 5, 412555),
(27577, 237, 44.49379027, 7.47462582, 4, 5, 419675),
(27578, 237, 44.49479565, 7.47527495, 4, 5, 430546),
(27579, 237, 44.49574555, 7.47565155, 4, 5, 445547),
(27580, 237, 44.49670064, 7.47602869, 4, 5, 452546),
(27581, 237, 44.49760982, 7.47652712, 4, 5, 458548),
(27582, 237, 44.49870697, 7.47730344, 4, 5, 463546),
(27583, 237, 44.49956928, 7.47769645, 4, 5, 469545),
(27584, 237, 44.50072112, 7.47818987, 4, 5, 473554),
(27585, 237, 44.50164539, 7.4785657, 4, 5, 478546),
(27586, 237, 44.5027611, 7.47901414, 4, 5, 482548),
(27587, 237, 44.5036434, 7.47939357, 4, 5, 487548),
(27588, 237, 44.50465621, 7.47979453, 4, 5, 491547),
(27589, 237, 44.50579006, 7.48003678, 4, 5, 496547),
(27590, 237, 44.50683685, 7.47991992, 4, 5, 502549),
(27591, 237, 44.50780153, 7.48014815, 4, 5, 508542),
(27592, 237, 44.50872712, 7.48081757, 4, 5, 515575),
(27593, 237, 44.50959835, 7.48148356, 4, 5, 523546),
(27594, 237, 44.50993404, 7.48281029, 4, 5, 532546),
(27595, 237, 44.51032264, 7.4839983, 4, 5, 541546),
(27596, 237, 44.51102423, 7.48317147, 4, 5, 554566),
(27597, 237, 44.51171171, 7.48219742, 4, 5, 569545),
(27598, 237, 44.51238667, 7.48121239, 4, 5, 577546),
(27599, 237, 44.51305052, 7.48029731, 4, 5, 584545),
(27600, 237, 44.5136821, 7.47938908, 4, 5, 590546),
(27601, 237, 44.51449914, 7.47875059, 5, 6, 596546),
(27602, 237, 44.51537022, 7.47835597, 5, 6, 604543),
(27603, 237, 44.5144798, 7.47870337, 5, 6, 613541),
(27604, 237, 44.5136222, 7.47944648, 5, 6, 625043),
(27605, 237, 44.51290891, 7.48049953, 5, 6, 633028),
(27606, 237, 44.51219397, 7.48149512, 5, 6, 640026),
(27607, 237, 44.51151732, 7.48244129, 5, 6, 646026),
(27608, 237, 44.51085042, 7.48341623, 5, 6, 652024),
(27609, 237, 44.5108329, 7.48475994, 5, 6, 660023),
(27610, 237, 44.51163519, 7.48590572, 5, 6, 684028),
(27611, 237, 44.51235907, 7.48692998, 5, 6, 693034),
(27612, 237, 44.51315547, 7.48821434, 5, 6, 700025),
(27613, 237, 44.51345001, 7.48954942, 5, 6, 708028),
(27614, 237, 44.5133813, 7.49089411, 6, 7, 714025),
(27615, 237, 44.51335576, 7.49215892, 6, 7, 720026),
(27616, 237, 44.5135689, 7.49342477, 6, 7, 730032),
(27617, 237, 44.51397844, 7.49459255, 6, 7, 772023),
(27618, 237, 44.51462008, 7.49575431, 6, 7, 780029),
(27619, 237, 44.51528957, 7.49696034, 6, 7, 787040),
(27620, 237, 44.51596412, 7.49789119, 6, 7, 793026),
(27621, 237, 44.51695213, 7.49876114, 6, 7, 798027),
(27622, 237, 44.51776899, 7.50000012, 6, 7, 804026),
(27623, 237, 44.51853587, 7.50126348, 6, 7, 810027),
(27624, 237, 44.51901655, 7.50255635, 6, 7, 816025),
(27625, 237, 44.5196653, 7.5037722, 6, 7, 822027),
(27626, 237, 44.52051854, 7.50472873, 6, 7, 828025),
(27627, 237, 44.52154611, 7.505788, 6, 7, 834025),
(27628, 237, 44.52240122, 7.50722172, 6, 7, 840027),
(27629, 237, 44.5229868, 7.50827129, 6, 7, 846026),
(27630, 237, 44.52377117, 7.50960859, 6, 7, 850026),
(27631, 237, 44.52447497, 7.51054996, 6, 7, 855026),
(27632, 237, 44.52533996, 7.5117064, 6, 7, 859026),
(27633, 237, 44.52605535, 7.5125527, 6, 7, 864024),
(27634, 237, 44.5281018, 7.51443451, 6, 7, 868025),
(27635, 237, 44.52910372, 7.51570814, 6, 7, 874025),
(27636, 237, 44.53011291, 7.51689143, 6, 7, 880025),
(27637, 237, 44.53110661, 7.51808089, 6, 7, 886038),
(27638, 237, 44.5316321, 7.51914679, 6, 7, 892034),
(27639, 237, 44.53211139, 7.5204929, 6, 7, 896031),
(27640, 237, 44.53272117, 7.52195631, 6, 7, 901023),
(27641, 237, 44.53353814, 7.52304729, 6, 7, 907026),
(27642, 237, 44.53445999, 7.5244544, 6, 7, 913027),
(27643, 237, 44.53506769, 7.52545348, 6, 7, 919026),
(27644, 237, 44.53577989, 7.52675254, 6, 7, 923026),
(27645, 237, 44.53633883, 7.52836724, 6, 7, 928026),
(27646, 237, 44.53725424, 7.52968307, 6, 7, 934021),
(27647, 237, 44.53823593, 7.53087863, 6, 7, 940024),
(27648, 237, 44.53922608, 7.5320032, 6, 7, 946025),
(27649, 237, 44.5400817, 7.53303938, 6, 7, 952026),
(27650, 237, 44.54077077, 7.53394801, 6, 7, 958025),
(27651, 237, 44.54138437, 7.53494898, 6, 7, 964027),
(27652, 237, 44.54198284, 7.53605353, 6, 7, 971022),
(27653, 237, 44.54254875, 7.53707632, 6, 7, 979025),
(27654, 237, 44.54341565, 7.53758723, 7, 8, 989028),
(27655, 237, 44.54422976, 7.53844667, 7, 8, 1012029),
(27656, 237, 44.54495264, 7.53921959, 8, 9, 1024028),
(27657, 237, 44.54559585, 7.54014507, 8, 9, 1046929),
(27658, 237, 44.54485243, 7.54091802, 8, 9, 1084908),
(27659, 237, 44.54395505, 7.54137543, 8, 9, 1150912),
(27660, 237, 44.54356504, 7.54258347, 8, 9, 1177912),
(27661, 237, 44.54344989, 7.54396463, 8, 9, 1226913),
(27662, 237, 44.54327306, 7.5454677, 8, 9, 1235906),
(27663, 237, 44.5429571, 7.54688518, 8, 9, 1243911),
(27664, 237, 44.54258069, 7.548048, 8, 9, 1252909),
(27665, 237, 44.54262965, 7.54941016, 8, 9, 1270905),
(27666, 237, 44.5424351, 7.55081498, 8, 9, 1279911),
(27667, 237, 44.54194318, 7.55207314, 8, 9, 1286923),
(27668, 237, 44.54125247, 7.5530454, 8, 9, 1292910),
(27669, 237, 44.54039377, 7.55422059, 8, 9, 1297910),
(27670, 237, 44.53948414, 7.5554905, 8, 9, 1303909),
(27671, 237, 44.53859217, 7.55688539, 8, 9, 1309910),
(27672, 237, 44.53800205, 7.55789122, 8, 9, 1315911),
(27673, 237, 44.53732577, 7.55903349, 8, 9, 1319910),
(27674, 237, 44.5368717, 7.56047073, 8, 9, 1324910),
(27675, 237, 44.53666948, 7.56178307, 8, 9, 1330910),
(27676, 237, 44.53635304, 7.56310343, 8, 9, 1336910),
(27677, 237, 44.5359414, 7.56442719, 8, 9, 1343910),
(27678, 237, 44.53555099, 7.56568352, 8, 9, 1351909),
(27679, 237, 44.53512973, 7.56728608, 8, 9, 1358908),
(27680, 237, 44.53488109, 7.56858503, 8, 9, 1366943),
(27681, 237, 44.53464121, 7.56997397, 8, 9, 1372911),
(27682, 237, 44.53453448, 7.57144113, 8, 9, 1378912),
(27683, 237, 44.5337482, 7.57398897, 8, 9, 1384910),
(27684, 237, 44.53302522, 7.57730268, 8, 9, 1390904),
(27685, 237, 44.53336561, 7.57553787, 8, 9, 1396906),
(27686, 237, 44.5327713, 7.57861381, 8, 9, 1402911),
(27687, 237, 44.532461, 7.5802952, 8, 9, 1406904),
(27688, 237, 44.53221593, 7.58160168, 8, 9, 1411909),
(27689, 237, 44.53192863, 7.58313327, 8, 9, 1415909),
(27690, 237, 44.53161504, 7.58475332, 8, 9, 1420909),
(27691, 237, 44.53149666, 7.58620182, 8, 9, 1426910),
(27692, 237, 44.53171191, 7.58764242, 8, 9, 1432906),
(27693, 237, 44.5320501, 7.58895638, 8, 9, 1438926),
(27694, 237, 44.53250214, 7.59028695, 8, 9, 1444909),
(27695, 237, 44.53324844, 7.59284182, 8, 9, 1450923),
(27696, 237, 44.53337765, 7.59417183, 9, 10, 1457916),
(27697, 237, 44.53369906, 7.59539616, 9, 10, 1466922),
(27698, 237, 44.53419162, 7.59648589, 9, 10, 1478920),
(27699, 237, 44.53471101, 7.59770511, 9, 10, 1498921),
(27700, 238, 44.46005289, 7.39337603, NULL, 2, 0),
(27701, 238, 44.45994758, 7.39478163, 2, 3, 2345),
(27702, 238, 44.45977759, 7.39614595, 2, 3, 16545),
(27703, 238, 44.4598961, 7.39764044, 2, 3, 24547),
(27704, 238, 44.46010395, 7.39911523, 2, 3, 31547),
(27705, 238, 44.46023076, 7.40048992, 2, 3, 37546),
(27706, 238, 44.46047588, 7.40212293, 2, 3, 42543),
(27707, 238, 44.46060989, 7.40396745, 2, 3, 48574),
(27708, 238, 44.46075773, 7.40528708, 2, 3, 54543),
(27709, 238, 44.46095855, 7.40696266, 2, 3, 58546),
(27710, 238, 44.46122439, 7.40825687, 2, 3, 63545),
(27711, 238, 44.46154912, 7.409921, 2, 3, 67544),
(27712, 238, 44.46183918, 7.41119759, 2, 3, 72543),
(27713, 238, 44.46211989, 7.41277088, 2, 3, 76546),
(27714, 238, 44.46222031, 7.41464446, 2, 3, 81546),
(27715, 238, 44.46230701, 7.41649396, 2, 3, 87545),
(27716, 238, 44.4625669, 7.41820271, 2, 3, 93546),
(27717, 238, 44.46292541, 7.41964894, 2, 3, 99546),
(27718, 238, 44.46325415, 7.42097429, 2, 3, 105547),
(27719, 238, 44.46396625, 7.422164, 2, 3, 112546),
(27720, 238, 44.464538, 7.4231876, 2, 3, 120547),
(27721, 238, 44.4656093, 7.42334518, 2, 3, 127545),
(27722, 238, 44.46657487, 7.42305029, 2, 3, 135547),
(27723, 238, 44.46758834, 7.42276032, 2, 3, 141546),
(27724, 238, 44.46848223, 7.42251007, 2, 3, 147546),
(27725, 238, 44.46955691, 7.42302791, 2, 3, 153544),
(27726, 238, 44.4700989, 7.42420345, 2, 3, 162597),
(27727, 238, 44.47071535, 7.42551365, 2, 3, 168549),
(27728, 238, 44.47141644, 7.42694742, 2, 3, 174548),
(27729, 238, 44.47208207, 7.42831096, 2, 3, 180548),
(27730, 238, 44.47267653, 7.4293734, 2, 3, 186546),
(27731, 238, 44.47332452, 7.43037966, 2, 3, 192545),
(27732, 238, 44.47392539, 7.43131948, 3, 4, 198547),
(27733, 238, 44.4744432, 7.43244352, 3, 4, 204546),
(27734, 238, 44.47479502, 7.43372498, 3, 4, 231545),
(27735, 238, 44.47514403, 7.43504537, 3, 4, 247562),
(27736, 238, 44.4761967, 7.43753713, 3, 4, 261546),
(27737, 238, 44.47682004, 7.43902216, 3, 4, 267547),
(27738, 238, 44.47552808, 7.43624299, 3, 4, 255546),
(27739, 238, 44.47731661, 7.44055496, 3, 4, 273547),
(27740, 238, 44.47771385, 7.44208635, 3, 4, 279545),
(27741, 238, 44.47804337, 7.44346932, 3, 4, 285545),
(27742, 238, 44.4788083, 7.44582044, 3, 4, 297546),
(27743, 238, 44.4783663, 7.4446687, 3, 4, 291547),
(27744, 238, 44.47937132, 7.44698805, 3, 4, 303548),
(27745, 238, 44.47997384, 7.44816854, 3, 4, 309546),
(27746, 238, 44.48060301, 7.44940789, 3, 4, 315542),
(27747, 238, 44.48131046, 7.45067092, 4, 5, 321552),
(27748, 238, 44.48291146, 7.4531529, 4, 5, 333543),
(27749, 238, 44.4861141, 7.45719302, 4, 5, 354542),
(27750, 238, 44.48466524, 7.45504829, 4, 5, 345542),
(27751, 238, 44.4839586, 7.45424677, 4, 5, 339545),
(27752, 238, 44.48203171, 7.4519966, 4, 5, 327557),
(27753, 238, 44.48546668, 7.45621029, 4, 5, 349546),
(27754, 238, 44.48690867, 7.45840038, 4, 5, 358545),
(27755, 238, 44.49126466, 7.46777482, 4, 5, 388546),
(27756, 238, 44.48830912, 7.46046546, 4, 5, 367561),
(27757, 238, 44.48755294, 7.45934031, 4, 5, 363549),
(27758, 238, 44.48967291, 7.46352775, 4, 5, 378545),
(27759, 238, 44.49008758, 7.46472662, 4, 5, 384547),
(27760, 238, 44.48903291, 7.46188015, 4, 5, 372545),
(27761, 238, 44.49241464, 7.4708808, 4, 5, 400547),
(27762, 238, 44.49183135, 7.46943446, 4, 5, 394595),
(27763, 238, 44.492938, 7.4721517, 4, 5, 406546),
(27764, 238, 44.49341137, 7.47339359, 4, 5, 412555),
(27765, 238, 44.49379027, 7.47462582, 4, 5, 419675),
(27766, 238, 44.49479565, 7.47527495, 4, 5, 430546),
(27767, 238, 44.49574555, 7.47565155, 4, 5, 445547),
(27768, 238, 44.49670064, 7.47602869, 4, 5, 452546),
(27769, 238, 44.49760982, 7.47652712, 4, 5, 458548),
(27770, 238, 44.49870697, 7.47730344, 4, 5, 463546),
(27771, 238, 44.49956928, 7.47769645, 4, 5, 469545),
(27772, 238, 44.50072112, 7.47818987, 4, 5, 473554),
(27773, 238, 44.50164539, 7.4785657, 4, 5, 478546),
(27774, 238, 44.5027611, 7.47901414, 4, 5, 482548),
(27775, 238, 44.5036434, 7.47939357, 4, 5, 487548),
(27776, 238, 44.50465621, 7.47979453, 4, 5, 491547),
(27777, 238, 44.50579006, 7.48003678, 4, 5, 496547),
(27778, 238, 44.50683685, 7.47991992, 4, 5, 502549),
(27779, 238, 44.50780153, 7.48014815, 4, 5, 508542),
(27780, 238, 44.50872712, 7.48081757, 4, 5, 515575),
(27781, 238, 44.50959835, 7.48148356, 4, 5, 523546),
(27782, 238, 44.50993404, 7.48281029, 4, 5, 532546),
(27783, 238, 44.51032264, 7.4839983, 4, 5, 541546),
(27784, 238, 44.51102423, 7.48317147, 4, 5, 554566),
(27785, 238, 44.51171171, 7.48219742, 4, 5, 569545),
(27786, 238, 44.51238667, 7.48121239, 4, 5, 577546),
(27787, 238, 44.51305052, 7.48029731, 4, 5, 584545),
(27788, 238, 44.5136821, 7.47938908, 4, 5, 590546),
(27789, 238, 44.51449914, 7.47875059, 5, 6, 596546),
(27790, 238, 44.51537022, 7.47835597, 5, 6, 604543),
(27791, 238, 44.5144798, 7.47870337, 5, 6, 613541),
(27792, 238, 44.5136222, 7.47944648, 5, 6, 625043),
(27793, 238, 44.51290891, 7.48049953, 5, 6, 633028),
(27794, 238, 44.51219397, 7.48149512, 5, 6, 640026),
(27795, 238, 44.51151732, 7.48244129, 5, 6, 646026),
(27796, 238, 44.51085042, 7.48341623, 5, 6, 652024),
(27797, 238, 44.5108329, 7.48475994, 5, 6, 660023),
(27798, 238, 44.51163519, 7.48590572, 5, 6, 684028),
(27799, 238, 44.51235907, 7.48692998, 5, 6, 693034),
(27800, 238, 44.51315547, 7.48821434, 5, 6, 700025),
(27801, 238, 44.51345001, 7.48954942, 5, 6, 708028),
(27802, 238, 44.5133813, 7.49089411, 6, 7, 714025),
(27803, 238, 44.51335576, 7.49215892, 6, 7, 720026),
(27804, 238, 44.5135689, 7.49342477, 6, 7, 730032),
(27805, 238, 44.51397844, 7.49459255, 6, 7, 772023),
(27806, 238, 44.51462008, 7.49575431, 6, 7, 780029),
(27807, 238, 44.51596412, 7.49789119, 6, 7, 793026),
(27808, 238, 44.51528957, 7.49696034, 6, 7, 787040),
(27809, 238, 44.51695213, 7.49876114, 6, 7, 798027),
(27810, 238, 44.51776899, 7.50000012, 6, 7, 804026),
(27811, 238, 44.51853587, 7.50126348, 6, 7, 810027),
(27812, 238, 44.51901655, 7.50255635, 6, 7, 816025),
(27813, 238, 44.5196653, 7.5037722, 6, 7, 822027),
(27814, 238, 44.52051854, 7.50472873, 6, 7, 828025),
(27815, 238, 44.52154611, 7.505788, 6, 7, 834025),
(27816, 238, 44.52240122, 7.50722172, 6, 7, 840027),
(27817, 238, 44.5229868, 7.50827129, 6, 7, 846026),
(27818, 238, 44.52377117, 7.50960859, 6, 7, 850026),
(27819, 238, 44.52447497, 7.51054996, 6, 7, 855026),
(27820, 238, 44.52533996, 7.5117064, 6, 7, 859026),
(27821, 238, 44.52605535, 7.5125527, 6, 7, 864024),
(27822, 238, 44.5281018, 7.51443451, 6, 7, 868025),
(27823, 238, 44.52910372, 7.51570814, 6, 7, 874025),
(27824, 238, 44.53011291, 7.51689143, 6, 7, 880025),
(27825, 238, 44.53110661, 7.51808089, 6, 7, 886038),
(27826, 238, 44.5316321, 7.51914679, 6, 7, 892034),
(27827, 238, 44.53211139, 7.5204929, 6, 7, 896031),
(27828, 238, 44.53272117, 7.52195631, 6, 7, 901023),
(27829, 238, 44.53353814, 7.52304729, 6, 7, 907026),
(27830, 238, 44.53445999, 7.5244544, 6, 7, 913027),
(27831, 238, 44.53506769, 7.52545348, 6, 7, 919026),
(27832, 238, 44.53577989, 7.52675254, 6, 7, 923026),
(27833, 238, 44.53633883, 7.52836724, 6, 7, 928026),
(27834, 238, 44.53725424, 7.52968307, 6, 7, 934021),
(27835, 238, 44.53823593, 7.53087863, 6, 7, 940024),
(27836, 238, 44.53922608, 7.5320032, 6, 7, 946025),
(27837, 238, 44.5400817, 7.53303938, 6, 7, 952026),
(27838, 238, 44.54077077, 7.53394801, 6, 7, 958025),
(27839, 238, 44.54138437, 7.53494898, 6, 7, 964027),
(27840, 238, 44.54198284, 7.53605353, 6, 7, 971022),
(27841, 238, 44.54254875, 7.53707632, 6, 7, 979025),
(27842, 238, 44.54341565, 7.53758723, 7, 8, 989028),
(27843, 238, 44.54422976, 7.53844667, 7, 8, 1012029),
(27844, 238, 44.54495264, 7.53921959, 8, 9, 1024028),
(27845, 238, 44.54559585, 7.54014507, 8, 9, 1046929),
(27846, 238, 44.54485243, 7.54091802, 8, 9, 1084908),
(27847, 238, 44.54395505, 7.54137543, 8, 9, 1150912),
(27848, 238, 44.54356504, 7.54258347, 8, 9, 1177912),
(27849, 238, 44.54344989, 7.54396463, 8, 9, 1226913),
(27850, 238, 44.54327306, 7.5454677, 8, 9, 1235906),
(27851, 238, 44.5429571, 7.54688518, 8, 9, 1243911),
(27852, 238, 44.54258069, 7.548048, 8, 9, 1252909),
(27853, 238, 44.54262965, 7.54941016, 8, 9, 1270905),
(27854, 238, 44.5424351, 7.55081498, 8, 9, 1279911),
(27855, 238, 44.54194318, 7.55207314, 8, 9, 1286923),
(27856, 238, 44.54125247, 7.5530454, 8, 9, 1292910),
(27857, 238, 44.54039377, 7.55422059, 8, 9, 1297910),
(27858, 238, 44.53948414, 7.5554905, 8, 9, 1303909),
(27859, 238, 44.53859217, 7.55688539, 8, 9, 1309910),
(27860, 239, 44.46005289, 7.39337603, NULL, 2, 0),
(27861, 239, 44.45994758, 7.39478163, 2, 3, 2345),
(27862, 239, 44.45977759, 7.39614595, 2, 3, 16545),
(27863, 239, 44.4598961, 7.39764044, 2, 3, 24547),
(27864, 239, 44.46010395, 7.39911523, 2, 3, 31547),
(27865, 239, 44.46023076, 7.40048992, 2, 3, 37546),
(27866, 239, 44.46047588, 7.40212293, 2, 3, 42543),
(27867, 239, 44.46060989, 7.40396745, 2, 3, 48574),
(27868, 239, 44.46075773, 7.40528708, 2, 3, 54543),
(27869, 239, 44.46095855, 7.40696266, 2, 3, 58546),
(27870, 239, 44.46122439, 7.40825687, 2, 3, 63545),
(27871, 239, 44.46154912, 7.409921, 2, 3, 67544),
(27872, 239, 44.46183918, 7.41119759, 2, 3, 72543),
(27873, 239, 44.46211989, 7.41277088, 2, 3, 76546),
(27874, 239, 44.46222031, 7.41464446, 2, 3, 81546),
(27875, 239, 44.46230701, 7.41649396, 2, 3, 87545),
(27876, 239, 44.4625669, 7.41820271, 2, 3, 93546),
(27877, 239, 44.46292541, 7.41964894, 2, 3, 99546),
(27878, 239, 44.46325415, 7.42097429, 2, 3, 105547),
(27879, 239, 44.46396625, 7.422164, 2, 3, 112546),
(27880, 239, 44.464538, 7.4231876, 2, 3, 120547),
(27881, 239, 44.4656093, 7.42334518, 2, 3, 127545),
(27882, 239, 44.46657487, 7.42305029, 2, 3, 135547),
(27883, 239, 44.46758834, 7.42276032, 2, 3, 141546);
INSERT INTO `Tappe` (`IDTappa`, `IDTratta`, `Lat`, `Lon`, `IDPrima`, `IDDopo`, `Offset`) VALUES
(27884, 239, 44.46848223, 7.42251007, 2, 3, 147546),
(27885, 239, 44.46955691, 7.42302791, 2, 3, 153544),
(27886, 239, 44.4700989, 7.42420345, 2, 3, 162597),
(27887, 239, 44.47071535, 7.42551365, 2, 3, 168549),
(27888, 239, 44.47141644, 7.42694742, 2, 3, 174548),
(27889, 239, 44.47208207, 7.42831096, 2, 3, 180548),
(27890, 239, 44.47267653, 7.4293734, 2, 3, 186546),
(27891, 239, 44.47332452, 7.43037966, 2, 3, 192545),
(27892, 239, 44.47392539, 7.43131948, 3, 4, 198547),
(27893, 239, 44.4744432, 7.43244352, 3, 4, 204546),
(27894, 239, 44.47479502, 7.43372498, 3, 4, 231545),
(27895, 239, 44.47514403, 7.43504537, 3, 4, 247562),
(27896, 239, 44.47552808, 7.43624299, 3, 4, 255546),
(27897, 239, 44.4761967, 7.43753713, 3, 4, 261546),
(27898, 239, 44.47682004, 7.43902216, 3, 4, 267547),
(27899, 239, 44.47731661, 7.44055496, 3, 4, 273547),
(27900, 239, 44.47771385, 7.44208635, 3, 4, 279545),
(27901, 239, 44.47804337, 7.44346932, 3, 4, 285545),
(27902, 239, 44.4783663, 7.4446687, 3, 4, 291547),
(27903, 239, 44.4788083, 7.44582044, 3, 4, 297546),
(27904, 239, 44.47937132, 7.44698805, 3, 4, 303548),
(27905, 239, 44.47997384, 7.44816854, 3, 4, 309546),
(27906, 239, 44.48060301, 7.44940789, 3, 4, 315542),
(27907, 239, 44.48131046, 7.45067092, 4, 5, 321552),
(27908, 239, 44.48203171, 7.4519966, 4, 5, 327557),
(27909, 239, 44.48291146, 7.4531529, 4, 5, 333543),
(27910, 239, 44.4839586, 7.45424677, 4, 5, 339545),
(27911, 239, 44.48466524, 7.45504829, 4, 5, 345542),
(27912, 239, 44.48546668, 7.45621029, 4, 5, 349546),
(27913, 239, 44.4861141, 7.45719302, 4, 5, 354542),
(27914, 239, 44.48690867, 7.45840038, 4, 5, 358545),
(27915, 239, 44.48755294, 7.45934031, 4, 5, 363549),
(27916, 239, 44.48830912, 7.46046546, 4, 5, 367561),
(27917, 239, 44.48903291, 7.46188015, 4, 5, 372545),
(27918, 239, 44.48967291, 7.46352775, 4, 5, 378545),
(27919, 239, 44.49008758, 7.46472662, 4, 5, 384547),
(27920, 239, 44.49126466, 7.46777482, 4, 5, 388546),
(27921, 239, 44.49183135, 7.46943446, 4, 5, 394595),
(27922, 239, 44.49241464, 7.4708808, 4, 5, 400547),
(27923, 239, 44.492938, 7.4721517, 4, 5, 406546),
(27924, 239, 44.49341137, 7.47339359, 4, 5, 412555),
(27925, 239, 44.49379027, 7.47462582, 4, 5, 419675),
(27926, 239, 44.49479565, 7.47527495, 4, 5, 430546),
(27927, 239, 44.49574555, 7.47565155, 4, 5, 445547),
(27928, 239, 44.49670064, 7.47602869, 4, 5, 452546),
(27929, 239, 44.49760982, 7.47652712, 4, 5, 458548),
(27930, 239, 44.49870697, 7.47730344, 4, 5, 463546),
(27931, 239, 44.49956928, 7.47769645, 4, 5, 469545),
(27932, 239, 44.50072112, 7.47818987, 4, 5, 473554),
(27933, 239, 44.50164539, 7.4785657, 4, 5, 478546),
(27934, 239, 44.5027611, 7.47901414, 4, 5, 482548),
(27935, 239, 44.5036434, 7.47939357, 4, 5, 487548),
(27936, 239, 44.50465621, 7.47979453, 4, 5, 491547),
(27937, 239, 44.50579006, 7.48003678, 4, 5, 496547),
(27938, 239, 44.50683685, 7.47991992, 4, 5, 502549),
(27939, 239, 44.50780153, 7.48014815, 4, 5, 508542),
(27940, 239, 44.50872712, 7.48081757, 4, 5, 515575),
(27941, 239, 44.50959835, 7.48148356, 4, 5, 523546),
(27942, 239, 44.50993404, 7.48281029, 4, 5, 532546),
(27943, 239, 44.51032264, 7.4839983, 4, 5, 541546),
(27944, 239, 44.51102423, 7.48317147, 4, 5, 554566),
(27945, 239, 44.51171171, 7.48219742, 4, 5, 569545),
(27946, 239, 44.51238667, 7.48121239, 4, 5, 577546),
(27947, 239, 44.51305052, 7.48029731, 4, 5, 584545),
(27948, 239, 44.5136821, 7.47938908, 4, 5, 590546),
(27949, 239, 44.51449914, 7.47875059, 5, 6, 596546),
(27950, 239, 44.51537022, 7.47835597, 5, 6, 604543),
(27951, 239, 44.5144798, 7.47870337, 5, 6, 613541),
(27952, 239, 44.5136222, 7.47944648, 5, 6, 625043),
(27953, 239, 44.51290891, 7.48049953, 5, 6, 633028),
(27954, 239, 44.51219397, 7.48149512, 5, 6, 640026),
(27955, 239, 44.51151732, 7.48244129, 5, 6, 646026),
(27956, 239, 44.51085042, 7.48341623, 5, 6, 652024),
(27957, 239, 44.5108329, 7.48475994, 5, 6, 660023),
(27958, 239, 44.51163519, 7.48590572, 5, 6, 684028),
(27959, 239, 44.51235907, 7.48692998, 5, 6, 693034),
(27960, 239, 44.51315547, 7.48821434, 5, 6, 700025),
(27961, 239, 44.51345001, 7.48954942, 5, 6, 708028),
(27962, 239, 44.5133813, 7.49089411, 6, 7, 714025),
(27963, 239, 44.51335576, 7.49215892, 6, 7, 720026),
(27964, 239, 44.5135689, 7.49342477, 6, 7, 730032),
(27965, 239, 44.51397844, 7.49459255, 6, 7, 772023),
(27966, 239, 44.51462008, 7.49575431, 6, 7, 780029),
(27967, 239, 44.51528957, 7.49696034, 6, 7, 787040),
(27968, 239, 44.51596412, 7.49789119, 6, 7, 793026),
(27969, 239, 44.51695213, 7.49876114, 6, 7, 798027),
(27970, 239, 44.51776899, 7.50000012, 6, 7, 804026),
(27971, 239, 44.51853587, 7.50126348, 6, 7, 810027),
(27972, 239, 44.51901655, 7.50255635, 6, 7, 816025),
(27973, 239, 44.5196653, 7.5037722, 6, 7, 822027),
(27974, 239, 44.52051854, 7.50472873, 6, 7, 828025),
(27975, 239, 44.52154611, 7.505788, 6, 7, 834025),
(27976, 239, 44.52240122, 7.50722172, 6, 7, 840027),
(27977, 239, 44.5229868, 7.50827129, 6, 7, 846026),
(27978, 239, 44.52377117, 7.50960859, 6, 7, 850026),
(27979, 239, 44.52447497, 7.51054996, 6, 7, 855026),
(27980, 239, 44.52533996, 7.5117064, 6, 7, 859026),
(27981, 239, 44.52605535, 7.5125527, 6, 7, 864024),
(27982, 239, 44.5281018, 7.51443451, 6, 7, 868025),
(27983, 239, 44.52910372, 7.51570814, 6, 7, 874025),
(27984, 239, 44.53011291, 7.51689143, 6, 7, 880025),
(27985, 239, 44.53110661, 7.51808089, 6, 7, 886038),
(27986, 239, 44.5316321, 7.51914679, 6, 7, 892034),
(27987, 239, 44.53211139, 7.5204929, 6, 7, 896031),
(27988, 239, 44.53272117, 7.52195631, 6, 7, 901023),
(27989, 239, 44.53353814, 7.52304729, 6, 7, 907026),
(27990, 239, 44.53445999, 7.5244544, 6, 7, 913027),
(27991, 239, 44.53506769, 7.52545348, 6, 7, 919026),
(27992, 239, 44.53577989, 7.52675254, 6, 7, 923026),
(27993, 239, 44.53633883, 7.52836724, 6, 7, 928026),
(27994, 239, 44.53725424, 7.52968307, 6, 7, 934021),
(27995, 239, 44.53823593, 7.53087863, 6, 7, 940024),
(27996, 239, 44.53922608, 7.5320032, 6, 7, 946025),
(27997, 239, 44.5400817, 7.53303938, 6, 7, 952026),
(27998, 239, 44.54077077, 7.53394801, 6, 7, 958025),
(27999, 239, 44.54138437, 7.53494898, 6, 7, 964027),
(28000, 239, 44.54198284, 7.53605353, 6, 7, 971022),
(28001, 239, 44.54254875, 7.53707632, 6, 7, 979025),
(28002, 239, 44.54341565, 7.53758723, 7, 8, 989028),
(28003, 239, 44.54422976, 7.53844667, 7, 8, 1012029),
(28004, 239, 44.54495264, 7.53921959, 8, 9, 1024028),
(28005, 239, 44.54559585, 7.54014507, 8, 9, 1046929),
(28006, 239, 44.54485243, 7.54091802, 8, 9, 1084908),
(28007, 239, 44.54395505, 7.54137543, 8, 9, 1150912),
(28008, 239, 44.54356504, 7.54258347, 8, 9, 1177912),
(28009, 239, 44.54344989, 7.54396463, 8, 9, 1226913),
(28010, 239, 44.54327306, 7.5454677, 8, 9, 1235906),
(28011, 239, 44.5429571, 7.54688518, 8, 9, 1243911),
(28012, 239, 44.54258069, 7.548048, 8, 9, 1252909),
(28013, 239, 44.54262965, 7.54941016, 8, 9, 1270905),
(28014, 239, 44.5424351, 7.55081498, 8, 9, 1279911),
(28015, 239, 44.54194318, 7.55207314, 8, 9, 1286923),
(28016, 239, 44.54125247, 7.5530454, 8, 9, 1292910),
(28017, 239, 44.54039377, 7.55422059, 8, 9, 1297910),
(28018, 239, 44.53948414, 7.5554905, 8, 9, 1303909),
(28019, 239, 44.53859217, 7.55688539, 8, 9, 1309910),
(28020, 239, 44.53800205, 7.55789122, 8, 9, 1315911),
(28021, 239, 44.53732577, 7.55903349, 8, 9, 1319910),
(28022, 239, 44.5368717, 7.56047073, 8, 9, 1324910),
(28023, 239, 44.53666948, 7.56178307, 8, 9, 1330910),
(28024, 239, 44.53635304, 7.56310343, 8, 9, 1336910),
(28025, 239, 44.5359414, 7.56442719, 8, 9, 1343910),
(28026, 239, 44.53555099, 7.56568352, 8, 9, 1351909),
(28027, 239, 44.53512973, 7.56728608, 8, 9, 1358908),
(28028, 239, 44.53488109, 7.56858503, 8, 9, 1366943),
(28029, 239, 44.53464121, 7.56997397, 8, 9, 1372911),
(28030, 239, 44.53453448, 7.57144113, 8, 9, 1378912),
(28031, 239, 44.5337482, 7.57398897, 8, 9, 1384910),
(28032, 239, 44.53302522, 7.57730268, 8, 9, 1390904),
(28033, 239, 44.53336561, 7.57553787, 8, 9, 1396906),
(28034, 239, 44.5327713, 7.57861381, 8, 9, 1402911),
(28035, 239, 44.532461, 7.5802952, 8, 9, 1406904),
(28036, 239, 44.53221593, 7.58160168, 8, 9, 1411909),
(28037, 239, 44.53192863, 7.58313327, 8, 9, 1415909),
(28038, 239, 44.53161504, 7.58475332, 8, 9, 1420909),
(28039, 239, 44.53149666, 7.58620182, 8, 9, 1426910),
(28040, 239, 44.53171191, 7.58764242, 8, 9, 1432906),
(28041, 239, 44.53250214, 7.59028695, 8, 9, 1444909),
(28042, 239, 44.5320501, 7.58895638, 8, 9, 1438926),
(28043, 239, 44.53324844, 7.59284182, 8, 9, 1450923),
(28044, 239, 44.53337765, 7.59417183, 9, 10, 1457916),
(28045, 239, 44.53369906, 7.59539616, 9, 10, 1466922),
(28046, 239, 44.53419162, 7.59648589, 9, 10, 1478920),
(28047, 239, 44.53471101, 7.59770511, 9, 10, 1498921),
(28048, 239, 44.5351528, 7.59889524, 9, 10, 1507920),
(28049, 239, 44.53555093, 7.60040359, 9, 10, 1514920),
(28050, 239, 44.53579807, 7.60169241, 9, 10, 1522918),
(28051, 239, 44.53591999, 7.60304152, 9, 10, 1528920),
(28052, 239, 44.53561341, 7.60452555, 9, 10, 1535919),
(28053, 239, 44.53537106, 7.60573951, 9, 10, 1543919),
(28054, 239, 44.53544346, 7.60702723, 9, 10, 1549919),
(28055, 239, 44.5356959, 7.60867637, 9, 10, 1555919),
(28056, 239, 44.53575375, 7.60999196, 9, 10, 1564938),
(28057, 239, 44.53604543, 7.61118498, 9, 10, 1578919),
(28058, 239, 44.53621354, 7.61243468, 9, 10, 1589919),
(28059, 239, 44.53636316, 7.61369803, 9, 10, 1596916),
(28060, 239, 44.53658339, 7.6151985, 9, 10, 1602918),
(28061, 239, 44.53679671, 7.61642282, 9, 10, 1610919),
(28062, 239, 44.53707304, 7.6179401, 9, 10, 1617920),
(28063, 239, 44.53709304, 7.61927904, 9, 10, 1625919),
(28064, 239, 44.53689454, 7.62051324, 9, 10, 1632919),
(28065, 239, 44.53658497, 7.62182554, 9, 10, 1638921),
(28066, 239, 44.53612378, 7.62309686, 9, 10, 1644919),
(28067, 239, 44.53557087, 7.6243505, 9, 10, 1650919),
(28068, 239, 44.53499226, 7.62548533, 10, 11, 1656919),
(28069, 239, 44.53439001, 7.62663919, 10, 11, 1662918),
(28070, 239, 44.53378551, 7.62784845, 10, 11, 1670935),
(28071, 239, 44.53343935, 7.62907717, 10, 11, 1709916),
(28072, 239, 44.53344007, 7.6304945, 10, 11, 1718917),
(28073, 239, 44.53356861, 7.63212141, 10, 11, 1725919),
(28074, 239, 44.53356079, 7.63346523, 10, 11, 1733918),
(28075, 239, 44.53336292, 7.6348237, 10, 11, 1740915),
(28076, 239, 44.53320866, 7.63611832, 10, 11, 1748931),
(28077, 239, 44.53301077, 7.63745841, 10, 11, 1764918),
(28078, 239, 44.53261727, 7.63873663, 10, 11, 1775918),
(28079, 239, 44.53218434, 7.63991878, 10, 11, 1787919),
(28080, 239, 44.53172423, 7.64110328, 10, 11, 1796917),
(28081, 239, 44.53129248, 7.64239112, 10, 11, 1842920),
(28082, 239, 44.53133795, 7.64373449, 10, 11, 1853919),
(28083, 239, 44.53163987, 7.64509314, 10, 11, 1860917),
(28084, 239, 44.53195924, 7.64654865, 10, 11, 1866918),
(28085, 239, 44.53226447, 7.64780788, 10, 11, 1872922),
(28086, 239, 44.53259695, 7.64927196, 10, 11, 1877917),
(28087, 239, 44.53298472, 7.65062911, 10, 11, 1883917),
(28088, 239, 44.53350807, 7.65197456, 10, 11, 1889916),
(28089, 239, 44.5340613, 7.65312648, 10, 11, 1895915),
(28090, 239, 44.53458395, 7.65420832, 10, 11, 1901916),
(28091, 239, 44.53754463, 7.66011247, 10, 11, 1908925),
(28092, 239, 44.53691938, 7.65891968, 10, 11, 1914925),
(28093, 239, 44.53631674, 7.65772896, 10, 11, 1920922),
(28094, 239, 44.53808939, 7.66130791, 10, 11, 1926921),
(28095, 239, 44.53520949, 7.65550372, 10, 11, 1932923),
(28096, 239, 44.53866405, 7.66247705, 10, 11, 1940945),
(28097, 239, 44.53575753, 7.65660841, 10, 11, 1947944),
(28098, 239, 44.53932233, 7.66383003, 10, 11, 1953916),
(28099, 239, 44.53967798, 7.66500806, 10, 11, 1961915),
(28100, 239, 44.53979016, 7.66641609, 10, 11, 1967924),
(28101, 239, 44.53983648, 7.6677105, 10, 11, 1974918),
(28102, 239, 44.53991971, 7.66917827, 10, 11, 1980923),
(28103, 239, 44.54002321, 7.67061485, 10, 11, 1986917),
(28104, 239, 44.54009224, 7.67211418, 10, 11, 1992918),
(28105, 239, 44.54017016, 7.6749539, 10, 11, 2004919),
(28106, 239, 44.54029498, 7.67643512, 10, 11, 2009916),
(28107, 239, 44.54013031, 7.67362174, 10, 11, 1998914),
(28108, 239, 44.5405039, 7.67790824, 10, 11, 2015916),
(28109, 239, 44.54069764, 7.67934266, 10, 11, 2021917),
(28110, 239, 44.54085067, 7.68082001, 10, 11, 2027920),
(28111, 239, 44.54097279, 7.68220729, 10, 11, 2033917),
(28112, 239, 44.54122466, 7.68361011, 10, 11, 2039917),
(28113, 239, 44.54143044, 7.68509555, 10, 11, 2045917),
(28114, 239, 44.54158926, 7.68662257, 10, 11, 2051912),
(28115, 239, 44.54175695, 7.68812098, 10, 11, 2057917),
(28116, 239, 44.54202651, 7.68968549, 10, 11, 2063914),
(28117, 239, 44.5423233, 7.69123977, 10, 11, 2069913),
(28118, 239, 44.54261798, 7.6928071, 10, 11, 2075918),
(28119, 239, 44.54282314, 7.6943486, 10, 11, 2081935),
(28120, 239, 44.5429319, 7.69577961, 10, 11, 2087918),
(28121, 239, 44.54311337, 7.69720237, 10, 11, 2093917),
(28122, 239, 44.54332633, 7.69852034, 10, 11, 2099915),
(28123, 239, 44.54358292, 7.69972695, 10, 11, 2105916),
(28124, 239, 44.54392074, 7.70110903, 10, 11, 2111917),
(28125, 239, 44.54429513, 7.70269104, 10, 11, 2118917),
(28126, 239, 44.54456014, 7.70396105, 10, 11, 2126917),
(28127, 239, 44.54496442, 7.70523218, 10, 11, 2132917),
(28128, 239, 44.54543799, 7.70637378, 10, 11, 2138918),
(28129, 239, 44.54600412, 7.70759355, 10, 11, 2144916),
(28130, 239, 44.54657961, 7.70894632, 10, 11, 2151917),
(28131, 239, 44.54679287, 7.71034871, 10, 11, 2159916),
(28132, 239, 44.54680582, 7.71164594, 10, 11, 2168913),
(28133, 239, 44.54690297, 7.71298943, 11, 12, 2196917),
(28134, 239, 44.54692748, 7.71444326, 11, 12, 2211917),
(28135, 239, 44.54701451, 7.71580703, 11, 12, 2222916),
(28136, 239, 44.54606956, 7.7159957, 11, 12, 2238914),
(28137, 239, 44.54513453, 7.71602305, 11, 12, 2259919),
(28138, 239, 44.54493188, 7.71733104, 11, 12, 2279914),
(28139, 239, 44.5458038, 7.71771904, 11, 12, 2297916),
(28140, 239, 44.54674216, 7.71775469, 11, 12, 2316916),
(28141, 239, 44.5476881, 7.71774277, 11, 12, 2328913),
(28142, 239, 44.54860677, 7.71791701, 12, 13, 2348931),
(28143, 239, 44.54949652, 7.71817155, 12, 13, 2358915),
(28144, 239, 44.55015585, 7.7191791, 12, 13, 2381914),
(28145, 239, 44.55020834, 7.72052786, 12, 13, 2450914),
(28146, 239, 44.5508875, 7.7214403, 12, 13, 2465918),
(28147, 239, 44.55180994, 7.72135162, 12, 13, 2495914),
(28148, 239, 44.55239515, 7.72237011, 12, 13, 2511914),
(28149, 239, 44.55249663, 7.72362367, 12, 13, 2534914),
(28150, 239, 44.55259604, 7.72489463, 12, 13, 2544914),
(28151, 239, 44.55275052, 7.72616627, 13, 14, 2556915),
(28152, 239, 44.55342568, 7.72705206, 13, 14, 2601916),
(28153, 239, 44.55411132, 7.72799467, 13, 14, 2675913),
(28154, 239, 44.55474349, 7.72893271, 13, 14, 2693913),
(28155, 239, 44.55541292, 7.72984494, 13, 14, 2706915),
(28156, 239, 44.55597937, 7.73085446, 13, 14, 2718915),
(28157, 239, 44.55665548, 7.73184152, 13, 14, 2733913),
(28158, 239, 44.55726333, 7.7328959, 13, 14, 2744910),
(28159, 240, 44.46005289, 7.39337603, NULL, 2, 0),
(28160, 240, 44.45994758, 7.39478163, 2, 3, 2345),
(28161, 240, 44.45977759, 7.39614595, 2, 3, 16545),
(28162, 240, 44.4598961, 7.39764044, 2, 3, 24547),
(28163, 240, 44.46010395, 7.39911523, 2, 3, 31547),
(28164, 240, 44.46023076, 7.40048992, 2, 3, 37546),
(28165, 240, 44.46047588, 7.40212293, 2, 3, 42543),
(28166, 240, 44.46060989, 7.40396745, 2, 3, 48574),
(28167, 240, 44.46075773, 7.40528708, 2, 3, 54543),
(28168, 240, 44.46095855, 7.40696266, 2, 3, 58546),
(28169, 240, 44.46122439, 7.40825687, 2, 3, 63545),
(28170, 240, 44.46154912, 7.409921, 2, 3, 67544),
(28171, 240, 44.46183918, 7.41119759, 2, 3, 72543),
(28172, 240, 44.46211989, 7.41277088, 2, 3, 76546),
(28173, 240, 44.46222031, 7.41464446, 2, 3, 81546),
(28174, 240, 44.46230701, 7.41649396, 2, 3, 87545),
(28175, 240, 44.4625669, 7.41820271, 2, 3, 93546),
(28176, 240, 44.46292541, 7.41964894, 2, 3, 99546),
(28177, 240, 44.46325415, 7.42097429, 2, 3, 105547),
(28178, 240, 44.46396625, 7.422164, 2, 3, 112546),
(28179, 240, 44.464538, 7.4231876, 2, 3, 120547),
(28180, 240, 44.4656093, 7.42334518, 2, 3, 127545),
(28181, 240, 44.46657487, 7.42305029, 2, 3, 135547),
(28182, 240, 44.46758834, 7.42276032, 2, 3, 141546),
(28183, 240, 44.46848223, 7.42251007, 2, 3, 147546),
(28184, 240, 44.46955691, 7.42302791, 2, 3, 153544),
(28185, 240, 44.4700989, 7.42420345, 2, 3, 162597),
(28186, 240, 44.47071535, 7.42551365, 2, 3, 168549),
(28187, 240, 44.47141644, 7.42694742, 2, 3, 174548),
(28188, 240, 44.47208207, 7.42831096, 2, 3, 180548),
(28189, 240, 44.47267653, 7.4293734, 2, 3, 186546),
(28190, 240, 44.47332452, 7.43037966, 2, 3, 192545),
(28191, 240, 44.47392539, 7.43131948, 3, 4, 198547),
(28192, 240, 44.4744432, 7.43244352, 3, 4, 204546),
(28193, 240, 44.47479502, 7.43372498, 3, 4, 231545),
(28194, 240, 44.47514403, 7.43504537, 3, 4, 247562),
(28195, 240, 44.47552808, 7.43624299, 3, 4, 255546),
(28196, 240, 44.4761967, 7.43753713, 3, 4, 261546),
(28197, 240, 44.47682004, 7.43902216, 3, 4, 267547),
(28198, 240, 44.47731661, 7.44055496, 3, 4, 273547),
(28199, 240, 44.47771385, 7.44208635, 3, 4, 279545),
(28200, 240, 44.47804337, 7.44346932, 3, 4, 285545),
(28201, 240, 44.4783663, 7.4446687, 3, 4, 291547),
(28202, 240, 44.4788083, 7.44582044, 3, 4, 297546),
(28203, 240, 44.47937132, 7.44698805, 3, 4, 303548),
(28204, 240, 44.47997384, 7.44816854, 3, 4, 309546),
(28205, 240, 44.48060301, 7.44940789, 3, 4, 315542),
(28206, 240, 44.48131046, 7.45067092, 4, 5, 321552),
(28207, 240, 44.48203171, 7.4519966, 4, 5, 327557),
(28208, 240, 44.48291146, 7.4531529, 4, 5, 333543),
(28209, 240, 44.4839586, 7.45424677, 4, 5, 339545),
(28210, 240, 44.48466524, 7.45504829, 4, 5, 345542),
(28211, 240, 44.48546668, 7.45621029, 4, 5, 349546),
(28212, 240, 44.4861141, 7.45719302, 4, 5, 354542),
(28213, 240, 44.48690867, 7.45840038, 4, 5, 358545),
(28214, 240, 44.48755294, 7.45934031, 4, 5, 363549),
(28215, 240, 44.48830912, 7.46046546, 4, 5, 367561),
(28216, 240, 44.48903291, 7.46188015, 4, 5, 372545),
(28217, 240, 44.48967291, 7.46352775, 4, 5, 378545),
(28218, 240, 44.49008758, 7.46472662, 4, 5, 384547),
(28219, 240, 44.49126466, 7.46777482, 4, 5, 388546),
(28220, 240, 44.49183135, 7.46943446, 4, 5, 394595),
(28221, 240, 44.49241464, 7.4708808, 4, 5, 400547),
(28222, 240, 44.492938, 7.4721517, 4, 5, 406546),
(28223, 240, 44.49341137, 7.47339359, 4, 5, 412555),
(28224, 240, 44.49379027, 7.47462582, 4, 5, 419675),
(28225, 240, 44.49479565, 7.47527495, 4, 5, 430546),
(28226, 240, 44.49574555, 7.47565155, 4, 5, 445547),
(28227, 240, 44.49670064, 7.47602869, 4, 5, 452546),
(28228, 240, 44.49760982, 7.47652712, 4, 5, 458548),
(28229, 240, 44.49870697, 7.47730344, 4, 5, 463546),
(28230, 240, 44.49956928, 7.47769645, 4, 5, 469545),
(28231, 241, 44.46005289, 7.39337603, NULL, 2, 0),
(28232, 241, 44.45994758, 7.39478163, 2, 3, 2345),
(28233, 241, 44.45977759, 7.39614595, 2, 3, 16545),
(28234, 241, 44.4598961, 7.39764044, 2, 3, 24547),
(28235, 241, 44.46010395, 7.39911523, 2, 3, 31547),
(28236, 241, 44.46023076, 7.40048992, 2, 3, 37546),
(28237, 241, 44.46047588, 7.40212293, 2, 3, 42543),
(28238, 241, 44.46060989, 7.40396745, 2, 3, 48574),
(28239, 241, 44.46075773, 7.40528708, 2, 3, 54543),
(28240, 241, 44.46095855, 7.40696266, 2, 3, 58546),
(28241, 241, 44.46122439, 7.40825687, 2, 3, 63545),
(28242, 241, 44.46154912, 7.409921, 2, 3, 67544),
(28243, 241, 44.46183918, 7.41119759, 2, 3, 72543),
(28244, 241, 44.46211989, 7.41277088, 2, 3, 76546),
(28245, 241, 44.46222031, 7.41464446, 2, 3, 81546),
(28246, 241, 44.46230701, 7.41649396, 2, 3, 87545),
(28247, 241, 44.4625669, 7.41820271, 2, 3, 93546),
(28248, 241, 44.46292541, 7.41964894, 2, 3, 99546),
(28249, 241, 44.46325415, 7.42097429, 2, 3, 105547),
(28250, 241, 44.46396625, 7.422164, 2, 3, 112546),
(28251, 241, 44.464538, 7.4231876, 2, 3, 120547),
(28252, 241, 44.4656093, 7.42334518, 2, 3, 127545),
(28253, 241, 44.46657487, 7.42305029, 2, 3, 135547),
(28254, 241, 44.46758834, 7.42276032, 2, 3, 141546),
(28255, 241, 44.46848223, 7.42251007, 2, 3, 147546),
(28256, 241, 44.46955691, 7.42302791, 2, 3, 153544),
(28257, 241, 44.4700989, 7.42420345, 2, 3, 162597),
(28258, 241, 44.47071535, 7.42551365, 2, 3, 168549),
(28259, 241, 44.47208207, 7.42831096, 2, 3, 180548),
(28260, 241, 44.47141644, 7.42694742, 2, 3, 174548),
(28261, 241, 44.47267653, 7.4293734, 2, 3, 186546),
(28262, 241, 44.47332452, 7.43037966, 2, 3, 192545),
(28263, 241, 44.47392539, 7.43131948, 3, 4, 198547),
(28264, 241, 44.4744432, 7.43244352, 3, 4, 204546),
(28265, 241, 44.47479502, 7.43372498, 3, 4, 231545),
(28266, 241, 44.47514403, 7.43504537, 3, 4, 247562),
(28267, 241, 44.47552808, 7.43624299, 3, 4, 255546),
(28268, 241, 44.4761967, 7.43753713, 3, 4, 261546),
(28269, 241, 44.47682004, 7.43902216, 3, 4, 267547),
(28270, 241, 44.47731661, 7.44055496, 3, 4, 273547),
(28271, 241, 44.47771385, 7.44208635, 3, 4, 279545),
(28272, 241, 44.47804337, 7.44346932, 3, 4, 285545),
(28273, 241, 44.4783663, 7.4446687, 3, 4, 291547),
(28274, 241, 44.4788083, 7.44582044, 3, 4, 297546),
(28275, 241, 44.47937132, 7.44698805, 3, 4, 303548),
(28276, 241, 44.47997384, 7.44816854, 3, 4, 309546),
(28277, 241, 44.48060301, 7.44940789, 3, 4, 315542),
(28278, 241, 44.48131046, 7.45067092, 4, 5, 321552),
(28279, 241, 44.48203171, 7.4519966, 4, 5, 327557),
(28280, 241, 44.48291146, 7.4531529, 4, 5, 333543),
(28281, 241, 44.4839586, 7.45424677, 4, 5, 339545),
(28282, 241, 44.48466524, 7.45504829, 4, 5, 345542),
(28283, 241, 44.48546668, 7.45621029, 4, 5, 349546),
(28284, 241, 44.4861141, 7.45719302, 4, 5, 354542),
(28285, 241, 44.48690867, 7.45840038, 4, 5, 358545),
(28286, 241, 44.48755294, 7.45934031, 4, 5, 363549),
(28287, 241, 44.48830912, 7.46046546, 4, 5, 367561),
(28288, 241, 44.48903291, 7.46188015, 4, 5, 372545),
(28289, 241, 44.48967291, 7.46352775, 4, 5, 378545),
(28290, 241, 44.49008758, 7.46472662, 4, 5, 384547),
(28291, 241, 44.49126466, 7.46777482, 4, 5, 388546),
(28292, 241, 44.49183135, 7.46943446, 4, 5, 394595),
(28293, 241, 44.49241464, 7.4708808, 4, 5, 400547),
(28294, 241, 44.492938, 7.4721517, 4, 5, 406546),
(28295, 241, 44.49341137, 7.47339359, 4, 5, 412555),
(28296, 241, 44.49379027, 7.47462582, 4, 5, 419675),
(28297, 241, 44.49479565, 7.47527495, 4, 5, 430546),
(28298, 241, 44.49574555, 7.47565155, 4, 5, 445547),
(28299, 241, 44.49670064, 7.47602869, 4, 5, 452546),
(28300, 241, 44.49760982, 7.47652712, 4, 5, 458548),
(28301, 241, 44.49870697, 7.47730344, 4, 5, 463546),
(28302, 241, 44.49956928, 7.47769645, 4, 5, 469545),
(28303, 241, 44.50072112, 7.47818987, 4, 5, 473554),
(28304, 241, 44.50164539, 7.4785657, 4, 5, 478546),
(28305, 241, 44.5027611, 7.47901414, 4, 5, 482548),
(28306, 241, 44.5036434, 7.47939357, 4, 5, 487548),
(28307, 241, 44.50465621, 7.47979453, 4, 5, 491547),
(28308, 241, 44.50579006, 7.48003678, 4, 5, 496547),
(28309, 241, 44.50683685, 7.47991992, 4, 5, 502549),
(28310, 241, 44.50780153, 7.48014815, 4, 5, 508542),
(28311, 241, 44.50872712, 7.48081757, 4, 5, 515575),
(28312, 241, 44.50959835, 7.48148356, 4, 5, 523546),
(28313, 241, 44.50993404, 7.48281029, 4, 5, 532546),
(28314, 241, 44.51171171, 7.48219742, 4, 5, 569545),
(28315, 241, 44.51032264, 7.4839983, 4, 5, 541546),
(28316, 241, 44.51102423, 7.48317147, 4, 5, 554566),
(28317, 241, 44.51238667, 7.48121239, 4, 5, 577546),
(28318, 241, 44.51305052, 7.48029731, 4, 5, 584545),
(28319, 241, 44.5136821, 7.47938908, 4, 5, 590546),
(28320, 241, 44.51537022, 7.47835597, 5, 6, 604543),
(28321, 241, 44.51449914, 7.47875059, 5, 6, 596546),
(28322, 241, 44.5144798, 7.47870337, 5, 6, 613541),
(28323, 241, 44.5136222, 7.47944648, 5, 6, 625043),
(28324, 241, 44.51219397, 7.48149512, 5, 6, 640026),
(28325, 241, 44.51290891, 7.48049953, 5, 6, 633028),
(28326, 241, 44.51085042, 7.48341623, 5, 6, 652024),
(28327, 241, 44.51151732, 7.48244129, 5, 6, 646026),
(28328, 241, 44.5108329, 7.48475994, 5, 6, 660023),
(28329, 241, 44.51163519, 7.48590572, 5, 6, 684028),
(28330, 241, 44.51235907, 7.48692998, 5, 6, 693034),
(28331, 241, 44.51315547, 7.48821434, 5, 6, 700025),
(28332, 241, 44.51345001, 7.48954942, 5, 6, 708028),
(28333, 241, 44.5133813, 7.49089411, 6, 7, 714025),
(28334, 241, 44.51335576, 7.49215892, 6, 7, 720026),
(28335, 241, 44.5135689, 7.49342477, 6, 7, 730032),
(28336, 241, 44.51397844, 7.49459255, 6, 7, 772023),
(28337, 241, 44.51462008, 7.49575431, 6, 7, 780029),
(28338, 241, 44.51528957, 7.49696034, 6, 7, 787040),
(28339, 241, 44.51596412, 7.49789119, 6, 7, 793026),
(28340, 241, 44.51695213, 7.49876114, 6, 7, 798027),
(28341, 241, 44.51853587, 7.50126348, 6, 7, 810027),
(28342, 241, 44.51776899, 7.50000012, 6, 7, 804026),
(28343, 241, 44.51901655, 7.50255635, 6, 7, 816025),
(28344, 241, 44.5196653, 7.5037722, 6, 7, 822027),
(28345, 241, 44.52051854, 7.50472873, 6, 7, 828025),
(28346, 241, 44.52154611, 7.505788, 6, 7, 834025),
(28347, 241, 44.52240122, 7.50722172, 6, 7, 840027),
(28348, 241, 44.5229868, 7.50827129, 6, 7, 846026),
(28349, 241, 44.52377117, 7.50960859, 6, 7, 850026),
(28350, 241, 44.52447497, 7.51054996, 6, 7, 855026),
(28351, 241, 44.52533996, 7.5117064, 6, 7, 859026),
(28352, 241, 44.52605535, 7.5125527, 6, 7, 864024),
(28353, 241, 44.5281018, 7.51443451, 6, 7, 868025),
(28354, 241, 44.52910372, 7.51570814, 6, 7, 874025),
(28355, 241, 44.53011291, 7.51689143, 6, 7, 880025),
(28356, 241, 44.53110661, 7.51808089, 6, 7, 886038),
(28357, 241, 44.5316321, 7.51914679, 6, 7, 892034),
(28358, 241, 44.53211139, 7.5204929, 6, 7, 896031),
(28359, 241, 44.53272117, 7.52195631, 6, 7, 901023),
(28360, 241, 44.53353814, 7.52304729, 6, 7, 907026),
(28361, 241, 44.53445999, 7.5244544, 6, 7, 913027),
(28362, 241, 44.53506769, 7.52545348, 6, 7, 919026),
(28363, 241, 44.53577989, 7.52675254, 6, 7, 923026),
(28364, 241, 44.53633883, 7.52836724, 6, 7, 928026),
(28365, 241, 44.53725424, 7.52968307, 6, 7, 934021),
(28366, 241, 44.53823593, 7.53087863, 6, 7, 940024),
(28367, 241, 44.53922608, 7.5320032, 6, 7, 946025),
(28368, 241, 44.5400817, 7.53303938, 6, 7, 952026),
(28369, 241, 44.54077077, 7.53394801, 6, 7, 958025),
(28370, 241, 44.54138437, 7.53494898, 6, 7, 964027),
(28371, 241, 44.54198284, 7.53605353, 6, 7, 971022),
(28372, 241, 44.54254875, 7.53707632, 6, 7, 979025),
(28373, 241, 44.54341565, 7.53758723, 7, 8, 989028),
(28374, 241, 44.54422976, 7.53844667, 7, 8, 1012029),
(28375, 241, 44.54495264, 7.53921959, 7, 8, 1024028),
(28376, 241, 44.54559585, 7.54014507, 6, 7, 1046929),
(28377, 241, 44.54485243, 7.54091802, 6, 7, 1084908),
(28378, 241, 44.54395505, 7.54137543, 6, 7, 1150912),
(28379, 241, 44.54356504, 7.54258347, 6, 7, 1177912),
(28380, 241, 44.54344989, 7.54396463, 6, 7, 1226913),
(28381, 241, 44.54327306, 7.5454677, 6, 7, 1235906),
(28382, 241, 44.5429571, 7.54688518, 6, 7, 1243911),
(28383, 241, 44.54258069, 7.548048, 6, 7, 1252909),
(28384, 241, 44.54262965, 7.54941016, 6, 7, 1270905),
(28385, 241, 44.5424351, 7.55081498, 6, 7, 1279911),
(28386, 241, 44.54125247, 7.5530454, 6, 7, 1292910),
(28387, 241, 44.54194318, 7.55207314, 6, 7, 1286923),
(28388, 241, 44.53948414, 7.5554905, 6, 7, 1303909),
(28389, 241, 44.54039377, 7.55422059, 6, 7, 1297910),
(28390, 241, 44.53732577, 7.55903349, 6, 7, 1319910),
(28391, 241, 44.53859217, 7.55688539, 6, 7, 1309910),
(28392, 241, 44.53800205, 7.55789122, 6, 7, 1315911),
(28393, 241, 44.5368717, 7.56047073, 6, 7, 1324910),
(28394, 241, 44.53666948, 7.56178307, 6, 7, 1330910),
(28395, 241, 44.53635304, 7.56310343, 6, 7, 1336910),
(28396, 241, 44.5359414, 7.56442719, 6, 7, 1343910),
(28397, 241, 44.53555099, 7.56568352, 6, 7, 1351909),
(28398, 241, 44.53512973, 7.56728608, 6, 7, 1358908),
(28399, 241, 44.53488109, 7.56858503, 6, 7, 1366943),
(28400, 241, 44.53464121, 7.56997397, 6, 7, 1372911),
(28401, 241, 44.53453448, 7.57144113, 6, 7, 1378912),
(28402, 241, 44.5337482, 7.57398897, 6, 7, 1384910),
(28403, 241, 44.53302522, 7.57730268, 6, 7, 1390904),
(28404, 241, 44.53336561, 7.57553787, 6, 7, 1396906),
(28405, 241, 44.5327713, 7.57861381, 6, 7, 1402911),
(28406, 241, 44.532461, 7.5802952, 6, 7, 1406904),
(28407, 241, 44.53221593, 7.58160168, 6, 7, 1411909),
(28408, 241, 44.53192863, 7.58313327, 6, 7, 1415909),
(28409, 241, 44.53171191, 7.58764242, 6, 7, 1432906),
(28410, 241, 44.53149666, 7.58620182, 6, 7, 1426910),
(28411, 241, 44.53161504, 7.58475332, 6, 7, 1420909),
(28412, 241, 44.5320501, 7.58895638, 6, 7, 1438926),
(28413, 241, 44.53250214, 7.59028695, 6, 7, 1444909),
(28414, 241, 44.53324844, 7.59284182, 6, 7, 1450923),
(28415, 241, 44.53337765, 7.59417183, 6, 7, 1457916),
(28416, 241, 44.53369906, 7.59539616, 6, 7, 1466922),
(28417, 241, 44.53419162, 7.59648589, 6, 7, 1478920),
(28418, 241, 44.53471101, 7.59770511, 6, 7, 1498921),
(28419, 241, 44.5351528, 7.59889524, 6, 7, 1507920),
(28420, 241, 44.53555093, 7.60040359, 6, 7, 1514920),
(28421, 241, 44.53579807, 7.60169241, 6, 7, 1522918),
(28422, 241, 44.53591999, 7.60304152, 6, 7, 1528920),
(28423, 241, 44.53561341, 7.60452555, 6, 7, 1535919),
(28424, 241, 44.53537106, 7.60573951, 6, 7, 1543919),
(28425, 241, 44.53544346, 7.60702723, 6, 7, 1549919),
(28426, 241, 44.5356959, 7.60867637, 6, 7, 1555919),
(28427, 241, 44.53575375, 7.60999196, 6, 7, 1564938),
(28428, 241, 44.53604543, 7.61118498, 6, 7, 1578919),
(28429, 241, 44.53621354, 7.61243468, 6, 7, 1589919),
(28430, 241, 44.53636316, 7.61369803, 6, 7, 1596916),
(28431, 241, 44.53658339, 7.6151985, 6, 7, 1602918),
(28432, 241, 44.53679671, 7.61642282, 6, 7, 1610919),
(28433, 241, 44.53707304, 7.6179401, 6, 7, 1617920),
(28434, 241, 44.53709304, 7.61927904, 6, 7, 1625919),
(28435, 241, 44.53689454, 7.62051324, 6, 7, 1632919),
(28436, 241, 44.53658497, 7.62182554, 6, 7, 1638921),
(28437, 241, 44.53612378, 7.62309686, 6, 7, 1644919),
(28438, 241, 44.53557087, 7.6243505, 6, 7, 1650919),
(28439, 241, 44.53499226, 7.62548533, 6, 7, 1656919),
(28440, 241, 44.53439001, 7.62663919, 6, 7, 1662918),
(28441, 241, 44.53378551, 7.62784845, 6, 7, 1670935),
(28442, 241, 44.53343935, 7.62907717, 6, 7, 1709916),
(28443, 241, 44.53344007, 7.6304945, 6, 7, 1718917),
(28444, 241, 44.53356861, 7.63212141, 6, 7, 1725919),
(28445, 241, 44.53356079, 7.63346523, 6, 7, 1733918),
(28446, 241, 44.53336292, 7.6348237, 6, 7, 1740915),
(28447, 241, 44.53320866, 7.63611832, 6, 7, 1748931),
(28448, 241, 44.53301077, 7.63745841, 6, 7, 1764918),
(28449, 241, 44.53261727, 7.63873663, 6, 7, 1775918),
(28450, 241, 44.53218434, 7.63991878, 6, 7, 1787919),
(28451, 241, 44.53172423, 7.64110328, 6, 7, 1796917),
(28452, 241, 44.53129248, 7.64239112, 6, 7, 1842920),
(28453, 241, 44.53133795, 7.64373449, 6, 7, 1853919),
(28454, 241, 44.53163987, 7.64509314, 6, 7, 1860917),
(28455, 241, 44.53195924, 7.64654865, 6, 7, 1866918),
(28456, 241, 44.53226447, 7.64780788, 6, 7, 1872922),
(28457, 241, 44.53259695, 7.64927196, 6, 7, 1877917),
(28458, 241, 44.53298472, 7.65062911, 6, 7, 1883917),
(28459, 241, 44.53350807, 7.65197456, 6, 7, 1889916),
(28460, 241, 44.5340613, 7.65312648, 6, 7, 1895915),
(28461, 241, 44.53458395, 7.65420832, 6, 7, 1901916),
(28462, 241, 44.53754463, 7.66011247, 6, 7, 1908925),
(28463, 241, 44.53691938, 7.65891968, 6, 7, 1914925),
(28464, 241, 44.53631674, 7.65772896, 6, 7, 1920922),
(28465, 241, 44.53808939, 7.66130791, 6, 7, 1926921),
(28466, 241, 44.53520949, 7.65550372, 6, 7, 1932923),
(28467, 241, 44.53866405, 7.66247705, 6, 7, 1940945),
(28468, 241, 44.53575753, 7.65660841, 6, 7, 1947944),
(28469, 241, 44.53932233, 7.66383003, 6, 7, 1953916),
(28470, 241, 44.53967798, 7.66500806, 6, 7, 1961915),
(28471, 241, 44.53979016, 7.66641609, 6, 7, 1967924),
(28472, 241, 44.53983648, 7.6677105, 6, 7, 1974918),
(28473, 241, 44.53991971, 7.66917827, 6, 7, 1980923),
(28474, 241, 44.54002321, 7.67061485, 6, 7, 1986917),
(28475, 241, 44.54009224, 7.67211418, 6, 7, 1992918),
(28476, 241, 44.54013031, 7.67362174, 6, 7, 1998914),
(28477, 241, 44.54017016, 7.6749539, 6, 7, 2004919),
(28478, 241, 44.54029498, 7.67643512, 6, 7, 2009916),
(28479, 241, 44.5405039, 7.67790824, 6, 7, 2015916),
(28480, 241, 44.54069764, 7.67934266, 6, 7, 2021917),
(28481, 241, 44.54085067, 7.68082001, 6, 7, 2027920),
(28482, 241, 44.54097279, 7.68220729, 6, 7, 2033917),
(28483, 241, 44.54122466, 7.68361011, 6, 7, 2039917),
(28484, 241, 44.54143044, 7.68509555, 6, 7, 2045917),
(28485, 241, 44.54158926, 7.68662257, 6, 7, 2051912),
(28486, 241, 44.54175695, 7.68812098, 6, 7, 2057917),
(28487, 241, 44.54202651, 7.68968549, 6, 7, 2063914),
(28488, 241, 44.5423233, 7.69123977, 6, 7, 2069913),
(28489, 241, 44.54261798, 7.6928071, 6, 7, 2075918),
(28490, 241, 44.54282314, 7.6943486, 6, 7, 2081935),
(28491, 241, 44.5429319, 7.69577961, 6, 7, 2087918),
(28492, 241, 44.54311337, 7.69720237, 6, 7, 2093917),
(28493, 241, 44.54332633, 7.69852034, 6, 7, 2099915),
(28494, 241, 44.54358292, 7.69972695, 6, 7, 2105916),
(28495, 241, 44.54392074, 7.70110903, 6, 7, 2111917),
(28496, 241, 44.54429513, 7.70269104, 6, 7, 2118917),
(28497, 241, 44.54456014, 7.70396105, 6, 7, 2126917),
(28498, 241, 44.54496442, 7.70523218, 6, 7, 2132917),
(28499, 241, 44.54543799, 7.70637378, 6, 7, 2138918),
(28500, 241, 44.54600412, 7.70759355, 6, 7, 2144916),
(28501, 241, 44.54657961, 7.70894632, 6, 7, 2151917),
(28502, 241, 44.54679287, 7.71034871, 6, 7, 2159916),
(28503, 241, 44.54680582, 7.71164594, 6, 7, 2168913),
(28504, 241, 44.54690297, 7.71298943, 6, 7, 2196917),
(28505, 241, 44.54692748, 7.71444326, 6, 7, 2211917),
(28506, 241, 44.54701451, 7.71580703, 6, 7, 2222916),
(28507, 241, 44.54606956, 7.7159957, 6, 7, 2238914),
(28508, 241, 44.54513453, 7.71602305, 6, 7, 2259919),
(28509, 241, 44.54493188, 7.71733104, 6, 7, 2279914),
(28510, 241, 44.5458038, 7.71771904, 6, 7, 2297916),
(28511, 241, 44.54674216, 7.71775469, 6, 7, 2316916),
(28512, 241, 44.5476881, 7.71774277, 6, 7, 2328913),
(28513, 241, 44.54860677, 7.71791701, 6, 7, 2348931),
(28514, 241, 44.54949652, 7.71817155, 6, 7, 2358915),
(28515, 241, 44.55015585, 7.7191791, 6, 7, 2381914),
(28516, 241, 44.55020834, 7.72052786, 6, 7, 2450914),
(28517, 241, 44.5508875, 7.7214403, 6, 7, 2465918),
(28518, 241, 44.55180994, 7.72135162, 6, 7, 2495914),
(28519, 241, 44.55239515, 7.72237011, 6, 7, 2511914),
(28520, 241, 44.55249663, 7.72362367, 6, 7, 2534914),
(28521, 241, 44.55259604, 7.72489463, 6, 7, 2544914),
(28522, 241, 44.55275052, 7.72616627, 6, 7, 2556915),
(28523, 241, 44.55342568, 7.72705206, 6, 7, 2601916),
(28524, 241, 44.55411132, 7.72799467, 6, 7, 2675913),
(28525, 241, 44.55474349, 7.72893271, 6, 7, 2693913),
(28526, 241, 44.55541292, 7.72984494, 6, 7, 2706915),
(28527, 241, 44.55597937, 7.73085446, 6, 7, 2718915),
(28528, 241, 44.55665548, 7.73184152, 6, 7, 2733913),
(28529, 241, 44.55726333, 7.7328959, 6, 7, 2744910),
(28530, 241, 44.55656327, 7.73389241, 6, 7, 2759910),
(28531, 241, 44.55583271, 7.73470107, 6, 7, 2783912),
(28532, 242, 44.46005289, 7.39337603, NULL, 2, 0),
(28533, 242, 44.45994758, 7.39478163, 2, 3, 2345),
(28534, 242, 44.45977759, 7.39614595, 2, 3, 16545),
(28535, 242, 44.4598961, 7.39764044, 2, 3, 24547),
(28536, 242, 44.46010395, 7.39911523, 2, 3, 31547),
(28537, 242, 44.46023076, 7.40048992, 2, 3, 37546),
(28538, 242, 44.46047588, 7.40212293, 2, 3, 42543),
(28539, 242, 44.46060989, 7.40396745, 2, 3, 48574),
(28540, 242, 44.46075773, 7.40528708, 2, 3, 54543),
(28541, 242, 44.46095855, 7.40696266, 2, 3, 58546),
(28542, 242, 44.46122439, 7.40825687, 2, 3, 63545),
(28543, 242, 44.46154912, 7.409921, 2, 3, 67544),
(28544, 242, 44.46183918, 7.41119759, 2, 3, 72543),
(28545, 242, 44.46211989, 7.41277088, 2, 3, 76546),
(28546, 242, 44.46222031, 7.41464446, 2, 3, 81546),
(28547, 242, 44.46230701, 7.41649396, 2, 3, 87545),
(28548, 242, 44.4625669, 7.41820271, 2, 3, 93546),
(28549, 242, 44.46292541, 7.41964894, 2, 3, 99546),
(28550, 242, 44.46325415, 7.42097429, 2, 3, 105547),
(28551, 242, 44.46396625, 7.422164, 2, 3, 112546),
(28552, 242, 44.464538, 7.4231876, 2, 3, 120547),
(28553, 242, 44.4656093, 7.42334518, 2, 3, 127545),
(28554, 242, 44.46657487, 7.42305029, 2, 3, 135547),
(28555, 242, 44.46758834, 7.42276032, 2, 3, 141546),
(28556, 242, 44.46848223, 7.42251007, 2, 3, 147546),
(28557, 242, 44.46955691, 7.42302791, 2, 3, 153544),
(28558, 242, 44.4700989, 7.42420345, 2, 3, 162597),
(28559, 242, 44.47071535, 7.42551365, 2, 3, 168549),
(28560, 242, 44.47141644, 7.42694742, 2, 3, 174548),
(28561, 242, 44.47208207, 7.42831096, 2, 3, 180548),
(28562, 242, 44.47267653, 7.4293734, 2, 3, 186546),
(28563, 242, 44.47332452, 7.43037966, 2, 3, 192545),
(28564, 242, 44.47392539, 7.43131948, 3, 4, 198547),
(28565, 242, 44.4744432, 7.43244352, 3, 4, 204546),
(28566, 242, 44.47479502, 7.43372498, 3, 4, 231545),
(28567, 242, 44.47514403, 7.43504537, 3, 4, 247562),
(28568, 242, 44.47552808, 7.43624299, 3, 4, 255546),
(28569, 242, 44.4761967, 7.43753713, 3, 4, 261546),
(28570, 242, 44.47682004, 7.43902216, 3, 4, 267547),
(28571, 242, 44.47731661, 7.44055496, 3, 4, 273547),
(28572, 242, 44.47771385, 7.44208635, 3, 4, 279545),
(28573, 242, 44.47804337, 7.44346932, 3, 4, 285545),
(28574, 242, 44.4783663, 7.4446687, 3, 4, 291547),
(28575, 242, 44.4788083, 7.44582044, 3, 4, 297546),
(28576, 242, 44.47937132, 7.44698805, 3, 4, 303548),
(28577, 242, 44.47997384, 7.44816854, 3, 4, 309546),
(28578, 242, 44.48060301, 7.44940789, 3, 4, 315542),
(28579, 242, 44.48131046, 7.45067092, 4, 5, 321552),
(28580, 242, 44.48203171, 7.4519966, 4, 5, 327557),
(28581, 242, 44.48291146, 7.4531529, 4, 5, 333543),
(28582, 242, 44.4839586, 7.45424677, 4, 5, 339545),
(28583, 242, 44.48466524, 7.45504829, 4, 5, 345542),
(28584, 242, 44.48546668, 7.45621029, 4, 5, 349546),
(28585, 242, 44.4861141, 7.45719302, 4, 5, 354542),
(28586, 242, 44.48690867, 7.45840038, 4, 5, 358545),
(28587, 242, 44.48755294, 7.45934031, 4, 5, 363549),
(28588, 242, 44.48830912, 7.46046546, 4, 5, 367561),
(28589, 242, 44.48903291, 7.46188015, 4, 5, 372545),
(28590, 242, 44.48967291, 7.46352775, 4, 5, 378545),
(28591, 242, 44.49008758, 7.46472662, 4, 5, 384547),
(28592, 242, 44.49126466, 7.46777482, 4, 5, 388546),
(28593, 242, 44.49183135, 7.46943446, 4, 5, 394595),
(28594, 242, 44.49241464, 7.4708808, 4, 5, 400547),
(28595, 242, 44.492938, 7.4721517, 4, 5, 406546),
(28596, 242, 44.49341137, 7.47339359, 4, 5, 412555),
(28597, 242, 44.49379027, 7.47462582, 4, 5, 419675),
(28598, 242, 44.49479565, 7.47527495, 4, 5, 430546),
(28599, 242, 44.49574555, 7.47565155, 4, 5, 445547),
(28600, 242, 44.49670064, 7.47602869, 4, 5, 452546),
(28601, 242, 44.49760982, 7.47652712, 4, 5, 458548),
(28602, 242, 44.49870697, 7.47730344, 4, 5, 463546),
(28603, 242, 44.49956928, 7.47769645, 4, 5, 469545),
(28604, 242, 44.50072112, 7.47818987, 4, 5, 473554),
(28605, 242, 44.50164539, 7.4785657, 4, 5, 478546),
(28606, 242, 44.5027611, 7.47901414, 4, 5, 482548),
(28607, 242, 44.5036434, 7.47939357, 4, 5, 487548),
(28608, 242, 44.50465621, 7.47979453, 4, 5, 491547),
(28609, 242, 44.50579006, 7.48003678, 4, 5, 496547),
(28610, 242, 44.50683685, 7.47991992, 4, 5, 502549),
(28611, 242, 44.50780153, 7.48014815, 4, 5, 508542),
(28612, 242, 44.50872712, 7.48081757, 4, 5, 515575),
(28613, 242, 44.50959835, 7.48148356, 4, 5, 523546),
(28614, 242, 44.50993404, 7.48281029, 4, 5, 532546),
(28615, 242, 44.51032264, 7.4839983, 4, 5, 541546),
(28616, 242, 44.51102423, 7.48317147, 4, 5, 554566),
(28617, 242, 44.51171171, 7.48219742, 4, 5, 569545),
(28618, 242, 44.51238667, 7.48121239, 4, 5, 577546),
(28619, 242, 44.51305052, 7.48029731, 4, 5, 584545),
(28620, 242, 44.5136821, 7.47938908, 4, 5, 590546),
(28621, 242, 44.51449914, 7.47875059, 5, 6, 596546),
(28622, 242, 44.51537022, 7.47835597, 5, 6, 604543),
(28623, 242, 44.5144798, 7.47870337, 5, 6, 613541),
(28624, 242, 44.5136222, 7.47944648, 5, 6, 625043),
(28625, 242, 44.51290891, 7.48049953, 5, 6, 633028),
(28626, 242, 44.51219397, 7.48149512, 5, 6, 640026),
(28627, 242, 44.51151732, 7.48244129, 5, 6, 646026),
(28628, 242, 44.51085042, 7.48341623, 5, 6, 652024),
(28629, 242, 44.5108329, 7.48475994, 5, 6, 660023),
(28630, 242, 44.51163519, 7.48590572, 5, 6, 684028),
(28631, 242, 44.51235907, 7.48692998, 5, 6, 693034),
(28632, 242, 44.51315547, 7.48821434, 5, 6, 700025),
(28633, 242, 44.51345001, 7.48954942, 5, 6, 708028),
(28634, 242, 44.5133813, 7.49089411, 6, 7, 714025),
(28635, 242, 44.51335576, 7.49215892, 6, 7, 720026),
(28636, 242, 44.5135689, 7.49342477, 6, 7, 730032),
(28637, 242, 44.51397844, 7.49459255, 6, 7, 772023),
(28638, 242, 44.51462008, 7.49575431, 6, 7, 780029),
(28639, 242, 44.51528957, 7.49696034, 6, 7, 787040),
(28640, 242, 44.51596412, 7.49789119, 6, 7, 793026),
(28641, 242, 44.51695213, 7.49876114, 6, 7, 798027),
(28642, 242, 44.51776899, 7.50000012, 6, 7, 804026),
(28643, 242, 44.51853587, 7.50126348, 6, 7, 810027),
(28644, 242, 44.51901655, 7.50255635, 6, 7, 816025),
(28645, 242, 44.5196653, 7.5037722, 6, 7, 822027),
(28646, 242, 44.52051854, 7.50472873, 6, 7, 828025),
(28647, 242, 44.52154611, 7.505788, 6, 7, 834025),
(28648, 242, 44.52240122, 7.50722172, 6, 7, 840027),
(28649, 242, 44.5229868, 7.50827129, 6, 7, 846026),
(28650, 242, 44.52377117, 7.50960859, 6, 7, 850026),
(28651, 242, 44.52447497, 7.51054996, 6, 7, 855026),
(28652, 242, 44.52533996, 7.5117064, 6, 7, 859026),
(28653, 242, 44.52605535, 7.5125527, 6, 7, 864024),
(28654, 242, 44.5281018, 7.51443451, 6, 7, 868025),
(28655, 242, 44.52910372, 7.51570814, 6, 7, 874025),
(28656, 242, 44.5316321, 7.51914679, 6, 7, 892034),
(28657, 242, 44.53011291, 7.51689143, 6, 7, 880025),
(28658, 242, 44.53110661, 7.51808089, 6, 7, 886038),
(28659, 242, 44.53211139, 7.5204929, 6, 7, 896031),
(28660, 242, 44.53272117, 7.52195631, 6, 7, 901023),
(28661, 242, 44.53353814, 7.52304729, 6, 7, 907026),
(28662, 242, 44.53445999, 7.5244544, 6, 7, 913027),
(28663, 242, 44.53506769, 7.52545348, 6, 7, 919026),
(28664, 242, 44.53577989, 7.52675254, 6, 7, 923026),
(28665, 242, 44.53633883, 7.52836724, 6, 7, 928026),
(28666, 242, 44.53725424, 7.52968307, 6, 7, 934021),
(28667, 242, 44.53823593, 7.53087863, 6, 7, 940024),
(28668, 242, 44.53922608, 7.5320032, 6, 7, 946025),
(28669, 242, 44.5400817, 7.53303938, 6, 7, 952026),
(28670, 242, 44.54077077, 7.53394801, 6, 7, 958025),
(28671, 242, 44.54138437, 7.53494898, 6, 7, 964027),
(28672, 242, 44.54198284, 7.53605353, 6, 7, 971022),
(28673, 242, 44.54254875, 7.53707632, 6, 7, 979025),
(28674, 242, 44.54341565, 7.53758723, 7, 8, 989028),
(28675, 242, 44.54422976, 7.53844667, 7, 8, 1012029),
(28676, 242, 44.54495264, 7.53921959, 8, 9, 1024028),
(28677, 242, 44.54559585, 7.54014507, 8, 9, 1046929),
(28678, 242, 44.54485243, 7.54091802, 8, 9, 1084908),
(28679, 242, 44.54395505, 7.54137543, 8, 9, 1150912),
(28680, 242, 44.54356504, 7.54258347, 8, 9, 1177912),
(28681, 242, 44.54344989, 7.54396463, 8, 9, 1226913),
(28682, 242, 44.54327306, 7.5454677, 8, 9, 1235906),
(28683, 242, 44.5429571, 7.54688518, 8, 9, 1243911),
(28684, 242, 44.54258069, 7.548048, 8, 9, 1252909),
(28685, 242, 44.54262965, 7.54941016, 8, 9, 1270905),
(28686, 242, 44.5424351, 7.55081498, 8, 9, 1279911),
(28687, 242, 44.54194318, 7.55207314, 8, 9, 1286923),
(28688, 242, 44.54125247, 7.5530454, 8, 9, 1292910),
(28689, 242, 44.54039377, 7.55422059, 8, 9, 1297910),
(28690, 242, 44.53948414, 7.5554905, 8, 9, 1303909),
(28691, 242, 44.53859217, 7.55688539, 8, 9, 1309910),
(28692, 242, 44.53800205, 7.55789122, 8, 9, 1315911),
(28693, 242, 44.53732577, 7.55903349, 8, 9, 1319910),
(28694, 242, 44.5368717, 7.56047073, 8, 9, 1324910),
(28695, 242, 44.53666948, 7.56178307, 8, 9, 1330910),
(28696, 242, 44.53635304, 7.56310343, 8, 9, 1336910),
(28697, 242, 44.5359414, 7.56442719, 8, 9, 1343910),
(28698, 242, 44.53555099, 7.56568352, 8, 9, 1351909),
(28699, 242, 44.53512973, 7.56728608, 8, 9, 1358908),
(28700, 242, 44.53488109, 7.56858503, 8, 9, 1366943),
(28701, 242, 44.53464121, 7.56997397, 8, 9, 1372911),
(28702, 242, 44.53453448, 7.57144113, 8, 9, 1378912),
(28703, 242, 44.5337482, 7.57398897, 8, 9, 1384910),
(28704, 242, 44.53302522, 7.57730268, 8, 9, 1390904),
(28705, 242, 44.53336561, 7.57553787, 8, 9, 1396906),
(28706, 242, 44.5327713, 7.57861381, 8, 9, 1402911),
(28707, 242, 44.532461, 7.5802952, 8, 9, 1406904),
(28708, 243, 44.46005289, 7.39337603, NULL, 2, 0),
(28709, 243, 44.45994758, 7.39478163, 2, 3, 2345),
(28710, 243, 44.45977759, 7.39614595, 2, 3, 16545),
(28711, 243, 44.4598961, 7.39764044, 2, 3, 24547),
(28712, 243, 44.46010395, 7.39911523, 2, 3, 31547),
(28713, 243, 44.46047588, 7.40212293, 2, 3, 42543),
(28714, 243, 44.46060989, 7.40396745, 2, 3, 48574),
(28715, 243, 44.46075773, 7.40528708, 2, 3, 54543),
(28716, 243, 44.46095855, 7.40696266, 2, 3, 58546),
(28717, 243, 44.46122439, 7.40825687, 2, 3, 63545),
(28718, 243, 44.46154912, 7.409921, 2, 3, 67544),
(28719, 243, 44.46183918, 7.41119759, 2, 3, 72543),
(28720, 243, 44.46211989, 7.41277088, 2, 3, 76546),
(28721, 243, 44.46222031, 7.41464446, 2, 3, 81546),
(28722, 243, 44.46230701, 7.41649396, 2, 3, 87545),
(28723, 243, 44.4625669, 7.41820271, 2, 3, 93546),
(28724, 243, 44.46292541, 7.41964894, 2, 3, 99546),
(28725, 243, 44.46325415, 7.42097429, 2, 3, 105547),
(28726, 243, 44.46396625, 7.422164, 2, 3, 112546),
(28727, 243, 44.46023076, 7.40048992, 2, 3, 37546),
(28728, 243, 44.464538, 7.4231876, 2, 3, 120547),
(28729, 243, 44.4656093, 7.42334518, 2, 3, 127545),
(28730, 243, 44.46657487, 7.42305029, 2, 3, 135547),
(28731, 243, 44.46758834, 7.42276032, 2, 3, 141546),
(28732, 243, 44.46848223, 7.42251007, 2, 3, 147546),
(28733, 243, 44.46955691, 7.42302791, 2, 3, 153544),
(28734, 243, 44.4700989, 7.42420345, 2, 3, 162597),
(28735, 243, 44.47071535, 7.42551365, 2, 3, 168549),
(28736, 243, 44.47141644, 7.42694742, 2, 3, 174548),
(28737, 243, 44.47208207, 7.42831096, 2, 3, 180548),
(28738, 243, 44.47267653, 7.4293734, 2, 3, 186546),
(28739, 243, 44.47332452, 7.43037966, 2, 3, 192545),
(28740, 243, 44.47392539, 7.43131948, 3, 4, 198547),
(28741, 243, 44.4744432, 7.43244352, 3, 4, 204546),
(28742, 243, 44.47479502, 7.43372498, 3, 4, 231545),
(28743, 243, 44.47514403, 7.43504537, 3, 4, 247562),
(28744, 243, 44.47552808, 7.43624299, 3, 4, 255546),
(28745, 243, 44.4761967, 7.43753713, 3, 4, 261546),
(28746, 243, 44.47682004, 7.43902216, 3, 4, 267547),
(28747, 243, 44.47731661, 7.44055496, 3, 4, 273547),
(28748, 243, 44.47771385, 7.44208635, 3, 4, 279545),
(28749, 243, 44.47804337, 7.44346932, 3, 4, 285545),
(28750, 243, 44.4783663, 7.4446687, 3, 4, 291547),
(28751, 243, 44.4788083, 7.44582044, 3, 4, 297546),
(28752, 243, 44.47937132, 7.44698805, 3, 4, 303548),
(28753, 243, 44.47997384, 7.44816854, 3, 4, 309546),
(28754, 243, 44.48060301, 7.44940789, 3, 4, 315542),
(28755, 243, 44.48131046, 7.45067092, 4, 5, 321552),
(28756, 243, 44.48203171, 7.4519966, 4, 5, 327557),
(28757, 243, 44.48291146, 7.4531529, 4, 5, 333543),
(28758, 243, 44.4839586, 7.45424677, 4, 5, 339545),
(28759, 243, 44.48466524, 7.45504829, 4, 5, 345542),
(28760, 243, 44.48546668, 7.45621029, 4, 5, 349546),
(28761, 243, 44.4861141, 7.45719302, 4, 5, 354542),
(28762, 243, 44.48690867, 7.45840038, 4, 5, 358545),
(28763, 243, 44.48755294, 7.45934031, 4, 5, 363549),
(28764, 243, 44.48830912, 7.46046546, 4, 5, 367561),
(28765, 243, 44.48903291, 7.46188015, 4, 5, 372545),
(28766, 243, 44.48967291, 7.46352775, 4, 5, 378545),
(28767, 243, 44.49008758, 7.46472662, 4, 5, 384547),
(28768, 243, 44.49126466, 7.46777482, 4, 5, 388546),
(28769, 243, 44.49183135, 7.46943446, 4, 5, 394595),
(28770, 243, 44.49241464, 7.4708808, 4, 5, 400547),
(28771, 243, 44.492938, 7.4721517, 4, 5, 406546),
(28772, 243, 44.49341137, 7.47339359, 4, 5, 412555),
(28773, 243, 44.49379027, 7.47462582, 4, 5, 419675),
(28774, 243, 44.49479565, 7.47527495, 4, 5, 430546),
(28775, 243, 44.49574555, 7.47565155, 4, 5, 445547),
(28776, 243, 44.49670064, 7.47602869, 4, 5, 452546),
(28777, 243, 44.49760982, 7.47652712, 4, 5, 458548),
(28778, 243, 44.49870697, 7.47730344, 4, 5, 463546),
(28779, 243, 44.49956928, 7.47769645, 4, 5, 469545),
(28780, 243, 44.50072112, 7.47818987, 4, 5, 473554),
(28781, 243, 44.50164539, 7.4785657, 4, 5, 478546),
(28782, 243, 44.5027611, 7.47901414, 4, 5, 482548),
(28783, 243, 44.5036434, 7.47939357, 4, 5, 487548),
(28784, 243, 44.50465621, 7.47979453, 4, 5, 491547),
(28785, 243, 44.50579006, 7.48003678, 4, 5, 496547),
(28786, 243, 44.50683685, 7.47991992, 4, 5, 502549),
(28787, 243, 44.50780153, 7.48014815, 4, 5, 508542),
(28788, 243, 44.50872712, 7.48081757, 4, 5, 515575),
(28789, 243, 44.50959835, 7.48148356, 4, 5, 523546),
(28790, 243, 44.50993404, 7.48281029, 4, 5, 532546),
(28791, 243, 44.51032264, 7.4839983, 4, 5, 541546),
(28792, 243, 44.51102423, 7.48317147, 4, 5, 554566),
(28793, 243, 44.51171171, 7.48219742, 4, 5, 569545),
(28794, 243, 44.51238667, 7.48121239, 4, 5, 577546),
(28795, 243, 44.51305052, 7.48029731, 4, 5, 584545),
(28796, 243, 44.5136821, 7.47938908, 4, 5, 590546),
(28797, 243, 44.51449914, 7.47875059, 5, 6, 596546),
(28798, 243, 44.51537022, 7.47835597, 5, 6, 604543),
(28799, 243, 44.5144798, 7.47870337, 5, 6, 613541),
(28800, 243, 44.5136222, 7.47944648, 5, 6, 625043),
(28801, 243, 44.51290891, 7.48049953, 5, 6, 633028),
(28802, 243, 44.51219397, 7.48149512, 5, 6, 640026),
(28803, 243, 44.51151732, 7.48244129, 5, 6, 646026),
(28804, 243, 44.51085042, 7.48341623, 5, 6, 652024),
(28805, 243, 44.5108329, 7.48475994, 5, 6, 660023),
(28806, 243, 44.51163519, 7.48590572, 5, 6, 684028),
(28807, 243, 44.51235907, 7.48692998, 5, 6, 693034),
(28808, 243, 44.51315547, 7.48821434, 5, 6, 700025),
(28809, 243, 44.51345001, 7.48954942, 5, 6, 708028),
(28810, 243, 44.5133813, 7.49089411, 6, 7, 714025),
(28811, 243, 44.51335576, 7.49215892, 6, 7, 720026),
(28812, 243, 44.5135689, 7.49342477, 6, 7, 730032),
(28813, 243, 44.51397844, 7.49459255, 6, 7, 772023),
(28814, 243, 44.51462008, 7.49575431, 6, 7, 780029),
(28815, 243, 44.51528957, 7.49696034, 6, 7, 787040),
(28816, 243, 44.51596412, 7.49789119, 6, 7, 793026),
(28817, 243, 44.51695213, 7.49876114, 6, 7, 798027),
(28818, 243, 44.51776899, 7.50000012, 6, 7, 804026),
(28819, 243, 44.51853587, 7.50126348, 6, 7, 810027),
(28820, 244, 44.46005289, 7.39337603, NULL, 2, 0),
(28821, 244, 44.45994758, 7.39478163, 2, 3, 2345),
(28822, 244, 44.45977759, 7.39614595, 2, 3, 16545),
(28823, 244, 44.4598961, 7.39764044, 2, 3, 24547),
(28824, 244, 44.46010395, 7.39911523, 2, 3, 31547),
(28825, 244, 44.46023076, 7.40048992, 2, 3, 37546),
(28826, 244, 44.46047588, 7.40212293, 2, 3, 42543),
(28827, 244, 44.46060989, 7.40396745, 2, 3, 48574),
(28828, 244, 44.46075773, 7.40528708, 2, 3, 54543),
(28829, 244, 44.46095855, 7.40696266, 2, 3, 58546),
(28830, 244, 44.46122439, 7.40825687, 2, 3, 63545),
(28831, 244, 44.46154912, 7.409921, 2, 3, 67544),
(28832, 244, 44.46183918, 7.41119759, 2, 3, 72543),
(28833, 244, 44.46211989, 7.41277088, 2, 3, 76546),
(28834, 244, 44.46222031, 7.41464446, 2, 3, 81546),
(28835, 244, 44.46230701, 7.41649396, 2, 3, 87545),
(28836, 244, 44.4625669, 7.41820271, 2, 3, 93546),
(28837, 244, 44.46292541, 7.41964894, 2, 3, 99546),
(28838, 244, 44.46325415, 7.42097429, 2, 3, 105547),
(28839, 244, 44.46396625, 7.422164, 2, 3, 112546),
(28840, 244, 44.464538, 7.4231876, 2, 3, 120547),
(28841, 244, 44.4656093, 7.42334518, 2, 3, 127545),
(28842, 244, 44.46657487, 7.42305029, 2, 3, 135547),
(28843, 244, 44.46758834, 7.42276032, 2, 3, 141546),
(28844, 244, 44.46848223, 7.42251007, 2, 3, 147546),
(28845, 244, 44.46955691, 7.42302791, 2, 3, 153544),
(28846, 244, 44.4700989, 7.42420345, 2, 3, 162597),
(28847, 244, 44.47071535, 7.42551365, 2, 3, 168549),
(28848, 244, 44.47141644, 7.42694742, 2, 3, 174548),
(28849, 244, 44.47208207, 7.42831096, 2, 3, 180548),
(28850, 244, 44.47267653, 7.4293734, 2, 3, 186546),
(28851, 244, 44.47332452, 7.43037966, 2, 3, 192545),
(28852, 244, 44.47392539, 7.43131948, 3, 4, 198547),
(28853, 244, 44.4744432, 7.43244352, 3, 4, 204546),
(28854, 244, 44.47479502, 7.43372498, 3, 4, 231545),
(28855, 244, 44.47514403, 7.43504537, 3, 4, 247562),
(28856, 244, 44.47552808, 7.43624299, 3, 4, 255546),
(28857, 244, 44.4761967, 7.43753713, 3, 4, 261546),
(28858, 244, 44.47682004, 7.43902216, 3, 4, 267547);
INSERT INTO `Tappe` (`IDTappa`, `IDTratta`, `Lat`, `Lon`, `IDPrima`, `IDDopo`, `Offset`) VALUES
(28859, 244, 44.47731661, 7.44055496, 3, 4, 273547),
(28860, 244, 44.47771385, 7.44208635, 3, 4, 279545),
(28861, 244, 44.47804337, 7.44346932, 3, 4, 285545),
(28862, 244, 44.4783663, 7.4446687, 3, 4, 291547),
(28863, 244, 44.4788083, 7.44582044, 3, 4, 297546),
(28864, 244, 44.47937132, 7.44698805, 3, 4, 303548),
(28865, 244, 44.47997384, 7.44816854, 3, 4, 309546),
(28866, 244, 44.48060301, 7.44940789, 3, 4, 315542),
(28867, 244, 44.48131046, 7.45067092, 4, 5, 321552),
(28868, 244, 44.48203171, 7.4519966, 4, 5, 327557),
(28869, 244, 44.48291146, 7.4531529, 4, 5, 333543),
(28870, 244, 44.4839586, 7.45424677, 4, 5, 339545),
(28871, 244, 44.48466524, 7.45504829, 4, 5, 345542),
(28872, 244, 44.48546668, 7.45621029, 4, 5, 349546),
(28873, 244, 44.4861141, 7.45719302, 4, 5, 354542),
(28874, 244, 44.48690867, 7.45840038, 4, 5, 358545),
(28875, 244, 44.48755294, 7.45934031, 4, 5, 363549),
(28876, 244, 44.48830912, 7.46046546, 4, 5, 367561),
(28877, 244, 44.48903291, 7.46188015, 4, 5, 372545),
(28878, 244, 44.48967291, 7.46352775, 4, 5, 378545),
(28879, 244, 44.49008758, 7.46472662, 4, 5, 384547),
(28880, 244, 44.49126466, 7.46777482, 4, 5, 388546),
(28881, 244, 44.49183135, 7.46943446, 4, 5, 394595),
(28882, 244, 44.49241464, 7.4708808, 4, 5, 400547),
(28883, 244, 44.492938, 7.4721517, 4, 5, 406546),
(28884, 244, 44.49341137, 7.47339359, 4, 5, 412555),
(28885, 244, 44.49379027, 7.47462582, 4, 5, 419675),
(28886, 244, 44.49479565, 7.47527495, 4, 5, 430546),
(28887, 244, 44.49574555, 7.47565155, 4, 5, 445547),
(28888, 244, 44.49670064, 7.47602869, 4, 5, 452546),
(28889, 244, 44.49760982, 7.47652712, 4, 5, 458548),
(28890, 244, 44.49870697, 7.47730344, 4, 5, 463546),
(28891, 244, 44.49956928, 7.47769645, 4, 5, 469545),
(28892, 244, 44.50072112, 7.47818987, 4, 5, 473554),
(28893, 244, 44.50164539, 7.4785657, 4, 5, 478546),
(28894, 244, 44.5027611, 7.47901414, 4, 5, 482548),
(28895, 244, 44.5036434, 7.47939357, 4, 5, 487548),
(28896, 244, 44.50465621, 7.47979453, 4, 5, 491547),
(28897, 244, 44.50579006, 7.48003678, 4, 5, 496547),
(28898, 244, 44.50683685, 7.47991992, 4, 5, 502549),
(28899, 244, 44.50780153, 7.48014815, 4, 5, 508542),
(28900, 244, 44.50872712, 7.48081757, 4, 5, 515575),
(28901, 244, 44.50959835, 7.48148356, 4, 5, 523546),
(28902, 244, 44.50993404, 7.48281029, 4, 5, 532546),
(28903, 244, 44.51032264, 7.4839983, 4, 5, 541546),
(28904, 244, 44.51102423, 7.48317147, 4, 5, 554566),
(28905, 244, 44.51171171, 7.48219742, 4, 5, 569545),
(28906, 244, 44.51238667, 7.48121239, 4, 5, 577546),
(28907, 244, 44.51305052, 7.48029731, 4, 5, 584545),
(28908, 244, 44.5136821, 7.47938908, 4, 5, 590546),
(28909, 244, 44.51449914, 7.47875059, 5, 6, 596546),
(28910, 244, 44.51537022, 7.47835597, 5, 6, 604543),
(28911, 244, 44.5144798, 7.47870337, 5, 6, 613541),
(28912, 244, 44.5136222, 7.47944648, 5, 6, 625043),
(28913, 244, 44.51290891, 7.48049953, 5, 6, 633028),
(28914, 244, 44.51219397, 7.48149512, 5, 6, 640026),
(28915, 244, 44.51151732, 7.48244129, 5, 6, 646026),
(28916, 244, 44.51085042, 7.48341623, 5, 6, 652024),
(28917, 244, 44.5108329, 7.48475994, 5, 6, 660023),
(28918, 244, 44.51163519, 7.48590572, 5, 6, 684028),
(28919, 244, 44.51235907, 7.48692998, 5, 6, 693034),
(28920, 244, 44.51315547, 7.48821434, 5, 6, 700025),
(28921, 244, 44.51345001, 7.48954942, 5, 6, 708028),
(28922, 244, 44.5133813, 7.49089411, 6, 7, 714025),
(28923, 244, 44.51335576, 7.49215892, 6, 7, 720026),
(28924, 244, 44.5135689, 7.49342477, 6, 7, 730032),
(28925, 244, 44.51397844, 7.49459255, 6, 7, 772023),
(28926, 244, 44.51462008, 7.49575431, 6, 7, 780029),
(28927, 244, 44.51528957, 7.49696034, 6, 7, 787040),
(28928, 244, 44.51596412, 7.49789119, 6, 7, 793026),
(28929, 244, 44.51695213, 7.49876114, 6, 7, 798027),
(28930, 244, 44.51776899, 7.50000012, 6, 7, 804026),
(28931, 244, 44.51853587, 7.50126348, 6, 7, 810027),
(28932, 244, 44.51901655, 7.50255635, 6, 7, 816025),
(28933, 244, 44.5196653, 7.5037722, 6, 7, 822027),
(28934, 244, 44.52051854, 7.50472873, 6, 7, 828025),
(28935, 244, 44.52154611, 7.505788, 6, 7, 834025),
(28936, 244, 44.52240122, 7.50722172, 6, 7, 840027),
(28937, 244, 44.5229868, 7.50827129, 6, 7, 846026),
(28938, 244, 44.52377117, 7.50960859, 6, 7, 850026),
(28939, 244, 44.52447497, 7.51054996, 6, 7, 855026),
(28940, 244, 44.52533996, 7.5117064, 6, 7, 859026),
(28941, 244, 44.52605535, 7.5125527, 6, 7, 864024),
(28942, 244, 44.5281018, 7.51443451, 6, 7, 868025),
(28943, 244, 44.52910372, 7.51570814, 6, 7, 874025),
(28944, 244, 44.53011291, 7.51689143, 6, 7, 880025),
(28945, 244, 44.53110661, 7.51808089, 6, 7, 886038),
(28946, 244, 44.5316321, 7.51914679, 6, 7, 892034),
(28947, 244, 44.53211139, 7.5204929, 6, 7, 896031),
(28948, 244, 44.53272117, 7.52195631, 6, 7, 901023),
(28949, 244, 44.53353814, 7.52304729, 6, 7, 907026),
(28950, 244, 44.53445999, 7.5244544, 6, 7, 913027),
(28951, 244, 44.53506769, 7.52545348, 6, 7, 919026),
(28952, 244, 44.53577989, 7.52675254, 6, 7, 923026),
(28953, 244, 44.53633883, 7.52836724, 6, 7, 928026),
(28954, 244, 44.53725424, 7.52968307, 6, 7, 934021),
(28955, 244, 44.53823593, 7.53087863, 6, 7, 940024),
(28956, 244, 44.53922608, 7.5320032, 6, 7, 946025),
(28957, 244, 44.5400817, 7.53303938, 6, 7, 952026),
(28958, 244, 44.54077077, 7.53394801, 6, 7, 958025),
(28959, 244, 44.54138437, 7.53494898, 6, 7, 964027),
(28960, 244, 44.54198284, 7.53605353, 6, 7, 971022),
(28961, 244, 44.54254875, 7.53707632, 6, 7, 979025),
(28962, 244, 44.54341565, 7.53758723, 7, 8, 989028),
(28963, 244, 44.54422976, 7.53844667, 7, 8, 1012029),
(28964, 244, 44.54495264, 7.53921959, 8, 9, 1024028),
(28965, 244, 44.54559585, 7.54014507, 8, 9, 1046929),
(28966, 244, 44.54485243, 7.54091802, 8, 9, 1084908),
(28967, 244, 44.54395505, 7.54137543, 8, 9, 1150912),
(28968, 244, 44.54356504, 7.54258347, 8, 9, 1177912),
(28969, 244, 44.54344989, 7.54396463, 8, 9, 1226913),
(28970, 244, 44.54327306, 7.5454677, 8, 9, 1235906),
(28971, 244, 44.5429571, 7.54688518, 8, 9, 1243911),
(28972, 244, 44.54258069, 7.548048, 8, 9, 1252909),
(28973, 244, 44.54262965, 7.54941016, 8, 9, 1270905),
(28974, 244, 44.5424351, 7.55081498, 8, 9, 1279911),
(28975, 244, 44.54194318, 7.55207314, 8, 9, 1286923),
(28976, 244, 44.54125247, 7.5530454, 8, 9, 1292910),
(28977, 244, 44.54039377, 7.55422059, 8, 9, 1297910),
(28978, 244, 44.53948414, 7.5554905, 8, 9, 1303909),
(28979, 244, 44.53859217, 7.55688539, 8, 9, 1309910),
(28980, 244, 44.53800205, 7.55789122, 8, 9, 1315911),
(28981, 244, 44.53732577, 7.55903349, 8, 9, 1319910),
(28982, 244, 44.5368717, 7.56047073, 8, 9, 1324910),
(28983, 244, 44.53666948, 7.56178307, 8, 9, 1330910),
(28984, 244, 44.53635304, 7.56310343, 8, 9, 1336910),
(28985, 244, 44.5359414, 7.56442719, 8, 9, 1343910),
(28986, 244, 44.53555099, 7.56568352, 8, 9, 1351909),
(28987, 244, 44.53512973, 7.56728608, 8, 9, 1358908),
(28988, 244, 44.53488109, 7.56858503, 8, 9, 1366943),
(28989, 244, 44.53464121, 7.56997397, 8, 9, 1372911),
(28990, 244, 44.53453448, 7.57144113, 8, 9, 1378912),
(28991, 244, 44.5337482, 7.57398897, 8, 9, 1384910),
(28992, 244, 44.53302522, 7.57730268, 8, 9, 1390904),
(28993, 244, 44.53336561, 7.57553787, 8, 9, 1396906),
(28994, 244, 44.5327713, 7.57861381, 8, 9, 1402911),
(28995, 244, 44.532461, 7.5802952, 8, 9, 1406904),
(28996, 244, 44.53221593, 7.58160168, 8, 9, 1411909),
(28997, 244, 44.53192863, 7.58313327, 8, 9, 1415909),
(28998, 244, 44.53161504, 7.58475332, 8, 9, 1420909),
(28999, 244, 44.53149666, 7.58620182, 8, 9, 1426910),
(29000, 244, 44.53171191, 7.58764242, 8, 9, 1432906),
(29001, 244, 44.5320501, 7.58895638, 8, 9, 1438926),
(29002, 244, 44.53250214, 7.59028695, 8, 9, 1444909),
(29003, 244, 44.53324844, 7.59284182, 8, 9, 1450923),
(29004, 244, 44.53337765, 7.59417183, 9, 10, 1457916),
(29005, 244, 44.53369906, 7.59539616, 9, 10, 1466922),
(29006, 244, 44.53419162, 7.59648589, 9, 10, 1478920),
(29007, 244, 44.53471101, 7.59770511, 9, 10, 1498921),
(29008, 244, 44.5351528, 7.59889524, 9, 10, 1507920),
(29009, 244, 44.53555093, 7.60040359, 9, 10, 1514920),
(29010, 244, 44.53579807, 7.60169241, 9, 10, 1522918),
(29011, 244, 44.53591999, 7.60304152, 9, 10, 1528920),
(29012, 244, 44.53561341, 7.60452555, 9, 10, 1535919),
(29013, 244, 44.53537106, 7.60573951, 9, 10, 1543919),
(29014, 244, 44.53544346, 7.60702723, 9, 10, 1549919),
(29015, 244, 44.5356959, 7.60867637, 9, 10, 1555919),
(29016, 244, 44.53604543, 7.61118498, 9, 10, 1578919),
(29017, 244, 44.53621354, 7.61243468, 9, 10, 1589919),
(29018, 244, 44.53575375, 7.60999196, 9, 10, 1564938),
(29019, 244, 44.53636316, 7.61369803, 9, 10, 1596916),
(29020, 244, 44.53679671, 7.61642282, 9, 10, 1610919),
(29021, 244, 44.53658339, 7.6151985, 9, 10, 1602918),
(29022, 244, 44.53707304, 7.6179401, 9, 10, 1617920),
(29023, 244, 44.53689454, 7.62051324, 9, 10, 1632919),
(29024, 244, 44.53709304, 7.61927904, 9, 10, 1625919),
(29025, 244, 44.53612378, 7.62309686, 9, 10, 1644919),
(29026, 244, 44.53658497, 7.62182554, 9, 10, 1638921),
(29027, 244, 44.53557087, 7.6243505, 9, 10, 1650919),
(29028, 244, 44.53499226, 7.62548533, 10, 11, 1656919),
(29029, 244, 44.53439001, 7.62663919, 10, 11, 1662918),
(29030, 244, 44.53378551, 7.62784845, 10, 11, 1670935),
(29031, 244, 44.53343935, 7.62907717, 10, 11, 1709916),
(29032, 244, 44.53344007, 7.6304945, 10, 11, 1718917),
(29033, 244, 44.53356861, 7.63212141, 10, 11, 1725919),
(29034, 244, 44.53356079, 7.63346523, 10, 11, 1733918),
(29035, 244, 44.53336292, 7.6348237, 10, 11, 1740915),
(29036, 244, 44.53320866, 7.63611832, 10, 11, 1748931),
(29037, 244, 44.53301077, 7.63745841, 10, 11, 1764918),
(29038, 244, 44.53261727, 7.63873663, 10, 11, 1775918),
(29039, 244, 44.53218434, 7.63991878, 10, 11, 1787919),
(29040, 244, 44.53172423, 7.64110328, 10, 11, 1796917),
(29041, 244, 44.53129248, 7.64239112, 10, 11, 1842920),
(29042, 244, 44.53133795, 7.64373449, 10, 11, 1853919),
(29043, 244, 44.53163987, 7.64509314, 10, 11, 1860917),
(29044, 244, 44.53195924, 7.64654865, 10, 11, 1866918),
(29045, 244, 44.53226447, 7.64780788, 10, 11, 1872922),
(29046, 244, 44.53259695, 7.64927196, 10, 11, 1877917),
(29047, 244, 44.53298472, 7.65062911, 10, 11, 1883917),
(29048, 244, 44.53350807, 7.65197456, 10, 11, 1889916),
(29049, 244, 44.5340613, 7.65312648, 10, 11, 1895915),
(29050, 244, 44.53458395, 7.65420832, 10, 11, 1901916),
(29051, 244, 44.53691938, 7.65891968, 10, 11, 1914925),
(29052, 244, 44.53754463, 7.66011247, 10, 11, 1908925),
(29053, 244, 44.53631674, 7.65772896, 10, 11, 1920922),
(29054, 244, 44.53808939, 7.66130791, 10, 11, 1926921),
(29055, 244, 44.53520949, 7.65550372, 10, 11, 1932923),
(29056, 244, 44.53866405, 7.66247705, 10, 11, 1940945),
(29057, 244, 44.53575753, 7.65660841, 10, 11, 1947944),
(29058, 244, 44.53932233, 7.66383003, 10, 11, 1953916),
(29059, 244, 44.53967798, 7.66500806, 10, 11, 1961915),
(29060, 244, 44.53979016, 7.66641609, 10, 11, 1967924),
(29061, 244, 44.53983648, 7.6677105, 10, 11, 1974918),
(29062, 244, 44.53991971, 7.66917827, 10, 11, 1980923),
(29063, 244, 44.54002321, 7.67061485, 10, 11, 1986917),
(29064, 244, 44.54009224, 7.67211418, 10, 11, 1992918),
(29065, 244, 44.54013031, 7.67362174, 10, 11, 1998914),
(29066, 244, 44.54017016, 7.6749539, 10, 11, 2004919),
(29067, 244, 44.54029498, 7.67643512, 10, 11, 2009916),
(29068, 244, 44.5405039, 7.67790824, 10, 11, 2015916),
(29069, 244, 44.54069764, 7.67934266, 10, 11, 2021917),
(29070, 244, 44.54085067, 7.68082001, 10, 11, 2027920),
(29071, 244, 44.54097279, 7.68220729, 10, 11, 2033917),
(29072, 244, 44.54122466, 7.68361011, 10, 11, 2039917),
(29073, 244, 44.54143044, 7.68509555, 10, 11, 2045917),
(29074, 244, 44.54158926, 7.68662257, 10, 11, 2051912),
(29075, 244, 44.54175695, 7.68812098, 10, 11, 2057917),
(29076, 244, 44.54202651, 7.68968549, 10, 11, 2063914),
(29077, 244, 44.5423233, 7.69123977, 10, 11, 2069913),
(29078, 244, 44.54261798, 7.6928071, 10, 11, 2075918),
(29079, 244, 44.54282314, 7.6943486, 10, 11, 2081935),
(29080, 244, 44.5429319, 7.69577961, 10, 11, 2087918),
(29081, 244, 44.54311337, 7.69720237, 10, 11, 2093917),
(29082, 244, 44.54332633, 7.69852034, 10, 11, 2099915),
(29083, 244, 44.54358292, 7.69972695, 10, 11, 2105916),
(29084, 244, 44.54392074, 7.70110903, 10, 11, 2111917),
(29085, 244, 44.54429513, 7.70269104, 10, 11, 2118917),
(29086, 244, 44.54456014, 7.70396105, 10, 11, 2126917),
(29087, 244, 44.54496442, 7.70523218, 10, 11, 2132917),
(29088, 244, 44.54543799, 7.70637378, 10, 11, 2138918),
(29089, 244, 44.54600412, 7.70759355, 10, 11, 2144916),
(29090, 244, 44.54657961, 7.70894632, 10, 11, 2151917),
(29091, 244, 44.54679287, 7.71034871, 10, 11, 2159916),
(29092, 244, 44.54680582, 7.71164594, 10, 11, 2168913),
(29093, 244, 44.54690297, 7.71298943, 11, 12, 2196917),
(29094, 244, 44.54692748, 7.71444326, 11, 12, 2211917),
(29095, 244, 44.54701451, 7.71580703, 11, 12, 2222916),
(29096, 244, 44.54606956, 7.7159957, 11, 12, 2238914),
(29097, 244, 44.54513453, 7.71602305, 11, 12, 2259919),
(29098, 244, 44.54493188, 7.71733104, 11, 12, 2279914),
(29099, 244, 44.5458038, 7.71771904, 11, 12, 2297916),
(29100, 244, 44.54674216, 7.71775469, 11, 12, 2316916),
(29101, 244, 44.5476881, 7.71774277, 11, 12, 2328913),
(29102, 244, 44.54860677, 7.71791701, 12, 13, 2348931),
(29103, 244, 44.54949652, 7.71817155, 12, 13, 2358915),
(29104, 244, 44.55015585, 7.7191791, 12, 13, 2381914),
(29105, 244, 44.55020834, 7.72052786, 12, 13, 2450914),
(29106, 244, 44.5508875, 7.7214403, 12, 13, 2465918),
(29107, 244, 44.55180994, 7.72135162, 12, 13, 2495914),
(29108, 244, 44.55239515, 7.72237011, 12, 13, 2511914),
(29109, 244, 44.55249663, 7.72362367, 12, 13, 2534914),
(29110, 244, 44.55259604, 7.72489463, 12, 13, 2544914),
(29111, 244, 44.55275052, 7.72616627, 13, 14, 2556915),
(29112, 244, 44.55342568, 7.72705206, 13, 14, 2601916),
(29113, 244, 44.55411132, 7.72799467, 13, 14, 2675913),
(29114, 244, 44.55474349, 7.72893271, 13, 14, 2693913),
(29115, 244, 44.55541292, 7.72984494, 13, 14, 2706915),
(29116, 244, 44.55597937, 7.73085446, 13, 14, 2718915),
(29117, 244, 44.55665548, 7.73184152, 13, 14, 2733913),
(29118, 244, 44.55726333, 7.7328959, 13, 14, 2744910),
(29119, 245, 44.46005289, 7.39337603, NULL, 2, 0),
(29120, 245, 44.45994758, 7.39478163, 2, 3, 2345),
(29121, 245, 44.45977759, 7.39614595, 2, 3, 16545),
(29122, 245, 44.4598961, 7.39764044, 2, 3, 24547),
(29123, 245, 44.46010395, 7.39911523, 2, 3, 31547),
(29124, 245, 44.46023076, 7.40048992, 2, 3, 37546),
(29125, 245, 44.46047588, 7.40212293, 2, 3, 42543),
(29126, 245, 44.46060989, 7.40396745, 2, 3, 48574),
(29127, 245, 44.46075773, 7.40528708, 2, 3, 54543),
(29128, 245, 44.46095855, 7.40696266, 2, 3, 58546),
(29129, 245, 44.46122439, 7.40825687, 2, 3, 63545),
(29130, 245, 44.46154912, 7.409921, 2, 3, 67544),
(29131, 245, 44.46183918, 7.41119759, 2, 3, 72543),
(29132, 245, 44.46211989, 7.41277088, 2, 3, 76546),
(29133, 245, 44.46222031, 7.41464446, 2, 3, 81546),
(29134, 245, 44.46230701, 7.41649396, 2, 3, 87545),
(29135, 245, 44.4625669, 7.41820271, 2, 3, 93546),
(29136, 245, 44.46292541, 7.41964894, 2, 3, 99546),
(29137, 245, 44.46325415, 7.42097429, 2, 3, 105547),
(29138, 245, 44.46396625, 7.422164, 2, 3, 112546),
(29139, 245, 44.464538, 7.4231876, 2, 3, 120547),
(29140, 245, 44.4656093, 7.42334518, 2, 3, 127545),
(29141, 245, 44.46657487, 7.42305029, 2, 3, 135547),
(29142, 245, 44.46758834, 7.42276032, 2, 3, 141546),
(29143, 245, 44.46848223, 7.42251007, 2, 3, 147546),
(29144, 245, 44.46955691, 7.42302791, 2, 3, 153544),
(29145, 245, 44.47208207, 7.42831096, 2, 3, 180548),
(29146, 245, 44.47071535, 7.42551365, 2, 3, 168549),
(29147, 245, 44.47141644, 7.42694742, 2, 3, 174548),
(29148, 245, 44.4700989, 7.42420345, 2, 3, 162597),
(29149, 245, 44.47267653, 7.4293734, 2, 3, 186546),
(29150, 245, 44.47332452, 7.43037966, 2, 3, 192545),
(29151, 245, 44.47392539, 7.43131948, 3, 4, 198547),
(29152, 245, 44.4744432, 7.43244352, 3, 4, 204546),
(29153, 245, 44.47479502, 7.43372498, 3, 4, 231545),
(29154, 245, 44.47514403, 7.43504537, 3, 4, 247562),
(29155, 245, 44.47552808, 7.43624299, 3, 4, 255546),
(29156, 245, 44.4761967, 7.43753713, 3, 4, 261546),
(29157, 245, 44.47682004, 7.43902216, 3, 4, 267547),
(29158, 245, 44.47731661, 7.44055496, 3, 4, 273547),
(29159, 245, 44.47771385, 7.44208635, 3, 4, 279545),
(29160, 245, 44.47804337, 7.44346932, 3, 4, 285545),
(29161, 245, 44.4783663, 7.4446687, 3, 4, 291547),
(29162, 245, 44.4788083, 7.44582044, 3, 4, 297546),
(29163, 245, 44.47937132, 7.44698805, 3, 4, 303548),
(29164, 245, 44.47997384, 7.44816854, 3, 4, 309546),
(29165, 245, 44.48060301, 7.44940789, 3, 4, 315542),
(29166, 245, 44.48131046, 7.45067092, 4, 5, 321552),
(29167, 245, 44.48203171, 7.4519966, 4, 5, 327557),
(29168, 245, 44.48291146, 7.4531529, 4, 5, 333543),
(29169, 245, 44.4839586, 7.45424677, 4, 5, 339545),
(29170, 245, 44.48466524, 7.45504829, 4, 5, 345542),
(29171, 245, 44.48546668, 7.45621029, 4, 5, 349546),
(29172, 245, 44.4861141, 7.45719302, 4, 5, 354542),
(29173, 245, 44.48690867, 7.45840038, 4, 5, 358545),
(29174, 245, 44.48755294, 7.45934031, 4, 5, 363549),
(29175, 245, 44.48830912, 7.46046546, 4, 5, 367561),
(29176, 245, 44.48903291, 7.46188015, 4, 5, 372545),
(29177, 245, 44.48967291, 7.46352775, 4, 5, 378545),
(29178, 245, 44.49008758, 7.46472662, 4, 5, 384547),
(29179, 245, 44.49126466, 7.46777482, 4, 5, 388546),
(29180, 245, 44.49183135, 7.46943446, 4, 5, 394595),
(29181, 245, 44.49241464, 7.4708808, 4, 5, 400547),
(29182, 245, 44.492938, 7.4721517, 4, 5, 406546),
(29183, 245, 44.49341137, 7.47339359, 4, 5, 412555),
(29184, 245, 44.49379027, 7.47462582, 4, 5, 419675),
(29185, 245, 44.49479565, 7.47527495, 4, 5, 430546),
(29186, 245, 44.49574555, 7.47565155, 4, 5, 445547),
(29187, 245, 44.49670064, 7.47602869, 4, 5, 452546),
(29188, 245, 44.49760982, 7.47652712, 4, 5, 458548),
(29189, 245, 44.49870697, 7.47730344, 4, 5, 463546),
(29190, 245, 44.49956928, 7.47769645, 4, 5, 469545),
(29191, 245, 44.50072112, 7.47818987, 4, 5, 473554),
(29192, 245, 44.50164539, 7.4785657, 4, 5, 478546),
(29193, 245, 44.5027611, 7.47901414, 4, 5, 482548),
(29194, 245, 44.5036434, 7.47939357, 4, 5, 487548),
(29195, 245, 44.50465621, 7.47979453, 4, 5, 491547),
(29196, 245, 44.50579006, 7.48003678, 4, 5, 496547),
(29197, 245, 44.50683685, 7.47991992, 4, 5, 502549),
(29198, 245, 44.50780153, 7.48014815, 4, 5, 508542),
(29199, 245, 44.50872712, 7.48081757, 4, 5, 515575),
(29200, 245, 44.50959835, 7.48148356, 4, 5, 523546),
(29201, 245, 44.50993404, 7.48281029, 4, 5, 532546),
(29202, 245, 44.51032264, 7.4839983, 4, 5, 541546),
(29203, 245, 44.51102423, 7.48317147, 4, 5, 554566),
(29204, 245, 44.51171171, 7.48219742, 4, 5, 569545),
(29205, 245, 44.51238667, 7.48121239, 4, 5, 577546),
(29206, 245, 44.51305052, 7.48029731, 4, 5, 584545),
(29207, 245, 44.5136821, 7.47938908, 4, 5, 590546),
(29208, 245, 44.51449914, 7.47875059, 5, 6, 596546),
(29209, 245, 44.51537022, 7.47835597, 5, 6, 604543),
(29210, 245, 44.5144798, 7.47870337, 5, 6, 613541),
(29211, 245, 44.5136222, 7.47944648, 5, 6, 625043),
(29212, 245, 44.51290891, 7.48049953, 5, 6, 633028),
(29213, 245, 44.51219397, 7.48149512, 5, 6, 640026),
(29214, 245, 44.51151732, 7.48244129, 5, 6, 646026),
(29215, 245, 44.51085042, 7.48341623, 5, 6, 652024),
(29216, 245, 44.5108329, 7.48475994, 5, 6, 660023),
(29217, 245, 44.51163519, 7.48590572, 5, 6, 684028),
(29218, 245, 44.51235907, 7.48692998, 5, 6, 693034),
(29219, 245, 44.51315547, 7.48821434, 5, 6, 700025),
(29220, 245, 44.51345001, 7.48954942, 5, 6, 708028),
(29221, 245, 44.5133813, 7.49089411, 6, 7, 714025),
(29222, 245, 44.51335576, 7.49215892, 6, 7, 720026),
(29223, 245, 44.5135689, 7.49342477, 6, 7, 730032),
(29224, 245, 44.51397844, 7.49459255, 6, 7, 772023),
(29225, 245, 44.51462008, 7.49575431, 6, 7, 780029),
(29226, 245, 44.51528957, 7.49696034, 6, 7, 787040),
(29227, 245, 44.51596412, 7.49789119, 6, 7, 793026),
(29228, 245, 44.51695213, 7.49876114, 6, 7, 798027),
(29229, 245, 44.51776899, 7.50000012, 6, 7, 804026),
(29230, 245, 44.51853587, 7.50126348, 6, 7, 810027),
(29231, 245, 44.51901655, 7.50255635, 6, 7, 816025),
(29232, 245, 44.5196653, 7.5037722, 6, 7, 822027),
(29233, 245, 44.52051854, 7.50472873, 6, 7, 828025),
(29234, 245, 44.52154611, 7.505788, 6, 7, 834025),
(29235, 245, 44.52240122, 7.50722172, 6, 7, 840027),
(29236, 245, 44.5229868, 7.50827129, 6, 7, 846026),
(29237, 245, 44.52377117, 7.50960859, 6, 7, 850026),
(29238, 245, 44.52447497, 7.51054996, 6, 7, 855026),
(29239, 245, 44.52533996, 7.5117064, 6, 7, 859026),
(29240, 245, 44.52605535, 7.5125527, 6, 7, 864024),
(29241, 245, 44.5281018, 7.51443451, 6, 7, 868025),
(29242, 245, 44.52910372, 7.51570814, 6, 7, 874025),
(29243, 245, 44.53011291, 7.51689143, 6, 7, 880025),
(29244, 245, 44.53110661, 7.51808089, 6, 7, 886038),
(29245, 245, 44.5316321, 7.51914679, 6, 7, 892034),
(29246, 245, 44.53211139, 7.5204929, 6, 7, 896031),
(29247, 245, 44.53272117, 7.52195631, 6, 7, 901023),
(29248, 245, 44.53353814, 7.52304729, 6, 7, 907026),
(29249, 245, 44.53445999, 7.5244544, 6, 7, 913027),
(29250, 245, 44.53506769, 7.52545348, 6, 7, 919026),
(29251, 245, 44.53577989, 7.52675254, 6, 7, 923026),
(29252, 245, 44.53633883, 7.52836724, 6, 7, 928026),
(29253, 245, 44.53725424, 7.52968307, 6, 7, 934021),
(29254, 245, 44.53823593, 7.53087863, 6, 7, 940024),
(29255, 245, 44.53922608, 7.5320032, 6, 7, 946025),
(29256, 245, 44.5400817, 7.53303938, 6, 7, 952026),
(29257, 245, 44.54077077, 7.53394801, 6, 7, 958025),
(29258, 245, 44.54138437, 7.53494898, 6, 7, 964027),
(29259, 245, 44.54198284, 7.53605353, 6, 7, 971022),
(29260, 245, 44.54254875, 7.53707632, 6, 7, 979025),
(29261, 245, 44.54341565, 7.53758723, 7, 8, 989028),
(29262, 245, 44.54422976, 7.53844667, 7, 8, 1012029),
(29263, 245, 44.54495264, 7.53921959, 8, 9, 1024028),
(29264, 245, 44.54559585, 7.54014507, 8, 9, 1046929),
(29265, 245, 44.54485243, 7.54091802, 8, 9, 1084908),
(29266, 245, 44.54395505, 7.54137543, 8, 9, 1150912),
(29267, 245, 44.54356504, 7.54258347, 8, 9, 1177912),
(29268, 245, 44.54344989, 7.54396463, 8, 9, 1226913),
(29269, 245, 44.54327306, 7.5454677, 8, 9, 1235906),
(29270, 245, 44.5429571, 7.54688518, 8, 9, 1243911),
(29271, 245, 44.54258069, 7.548048, 8, 9, 1252909),
(29272, 245, 44.54262965, 7.54941016, 8, 9, 1270905),
(29273, 245, 44.5424351, 7.55081498, 8, 9, 1279911),
(29274, 245, 44.54194318, 7.55207314, 8, 9, 1286923),
(29275, 245, 44.54125247, 7.5530454, 8, 9, 1292910),
(29276, 245, 44.54039377, 7.55422059, 8, 9, 1297910),
(29277, 245, 44.53948414, 7.5554905, 8, 9, 1303909),
(29278, 245, 44.53859217, 7.55688539, 8, 9, 1309910),
(29279, 245, 44.53800205, 7.55789122, 8, 9, 1315911),
(29280, 245, 44.53732577, 7.55903349, 8, 9, 1319910),
(29281, 245, 44.5368717, 7.56047073, 8, 9, 1324910),
(29282, 245, 44.53666948, 7.56178307, 8, 9, 1330910),
(29283, 245, 44.53635304, 7.56310343, 8, 9, 1336910),
(29284, 245, 44.5359414, 7.56442719, 8, 9, 1343910),
(29285, 245, 44.53555099, 7.56568352, 8, 9, 1351909),
(29286, 245, 44.53512973, 7.56728608, 8, 9, 1358908),
(29287, 245, 44.53488109, 7.56858503, 8, 9, 1366943),
(29288, 245, 44.53464121, 7.56997397, 8, 9, 1372911),
(29289, 245, 44.53453448, 7.57144113, 8, 9, 1378912),
(29290, 245, 44.5337482, 7.57398897, 8, 9, 1384910),
(29291, 245, 44.53302522, 7.57730268, 8, 9, 1390904),
(29292, 245, 44.53336561, 7.57553787, 8, 9, 1396906),
(29293, 245, 44.5327713, 7.57861381, 8, 9, 1402911),
(29294, 245, 44.532461, 7.5802952, 8, 9, 1406904),
(29295, 245, 44.53221593, 7.58160168, 8, 9, 1411909),
(29296, 245, 44.53192863, 7.58313327, 8, 9, 1415909),
(29297, 245, 44.53161504, 7.58475332, 8, 9, 1420909),
(29298, 245, 44.53149666, 7.58620182, 8, 9, 1426910),
(29299, 245, 44.53171191, 7.58764242, 8, 9, 1432906),
(29300, 245, 44.5320501, 7.58895638, 8, 9, 1438926),
(29301, 245, 44.53250214, 7.59028695, 8, 9, 1444909),
(29302, 245, 44.53324844, 7.59284182, 8, 9, 1450923),
(29303, 245, 44.53337765, 7.59417183, 9, 10, 1457916),
(29304, 245, 44.53369906, 7.59539616, 9, 10, 1466922),
(29305, 245, 44.53419162, 7.59648589, 9, 10, 1478920),
(29306, 245, 44.53471101, 7.59770511, 9, 10, 1498921),
(29307, 245, 44.5351528, 7.59889524, 9, 10, 1507920),
(29308, 245, 44.53555093, 7.60040359, 9, 10, 1514920),
(29309, 245, 44.53579807, 7.60169241, 9, 10, 1522918),
(29310, 245, 44.53591999, 7.60304152, 9, 10, 1528920),
(29311, 245, 44.53561341, 7.60452555, 9, 10, 1535919),
(29312, 245, 44.53537106, 7.60573951, 9, 10, 1543919),
(29313, 245, 44.53544346, 7.60702723, 9, 10, 1549919),
(29314, 245, 44.5356959, 7.60867637, 9, 10, 1555919),
(29315, 245, 44.53575375, 7.60999196, 9, 10, 1564938),
(29316, 245, 44.53604543, 7.61118498, 9, 10, 1578919),
(29317, 245, 44.53621354, 7.61243468, 9, 10, 1589919),
(29318, 245, 44.53636316, 7.61369803, 9, 10, 1596916),
(29319, 245, 44.53658339, 7.6151985, 9, 10, 1602918),
(29320, 245, 44.53679671, 7.61642282, 9, 10, 1610919),
(29321, 245, 44.53707304, 7.6179401, 9, 10, 1617920),
(29322, 245, 44.53709304, 7.61927904, 9, 10, 1625919),
(29323, 245, 44.53689454, 7.62051324, 9, 10, 1632919),
(29324, 245, 44.53658497, 7.62182554, 9, 10, 1638921),
(29325, 245, 44.53612378, 7.62309686, 9, 10, 1644919),
(29326, 245, 44.53557087, 7.6243505, 9, 10, 1650919),
(29327, 245, 44.53499226, 7.62548533, 10, 11, 1656919),
(29328, 245, 44.53439001, 7.62663919, 10, 11, 1662918),
(29329, 245, 44.53378551, 7.62784845, 10, 11, 1670935),
(29330, 245, 44.53343935, 7.62907717, 10, 11, 1709916),
(29331, 245, 44.53344007, 7.6304945, 10, 11, 1718917),
(29332, 245, 44.53356861, 7.63212141, 10, 11, 1725919),
(29333, 245, 44.53356079, 7.63346523, 10, 11, 1733918),
(29334, 245, 44.53336292, 7.6348237, 10, 11, 1740915),
(29335, 245, 44.53320866, 7.63611832, 10, 11, 1748931),
(29336, 245, 44.53301077, 7.63745841, 10, 11, 1764918),
(29337, 245, 44.53261727, 7.63873663, 10, 11, 1775918),
(29338, 245, 44.53218434, 7.63991878, 10, 11, 1787919),
(29339, 245, 44.53172423, 7.64110328, 10, 11, 1796917),
(29340, 245, 44.53129248, 7.64239112, 10, 11, 1842920),
(29341, 245, 44.53133795, 7.64373449, 10, 11, 1853919),
(29342, 245, 44.53163987, 7.64509314, 10, 11, 1860917),
(29343, 245, 44.53195924, 7.64654865, 10, 11, 1866918),
(29344, 245, 44.53226447, 7.64780788, 10, 11, 1872922),
(29345, 245, 44.53259695, 7.64927196, 10, 11, 1877917),
(29346, 245, 44.53298472, 7.65062911, 10, 11, 1883917),
(29347, 245, 44.53350807, 7.65197456, 10, 11, 1889916),
(29348, 245, 44.5340613, 7.65312648, 10, 11, 1895915),
(29349, 245, 44.53458395, 7.65420832, 10, 11, 1901916),
(29350, 245, 44.53754463, 7.66011247, 10, 11, 1908925),
(29351, 245, 44.53691938, 7.65891968, 10, 11, 1914925),
(29352, 245, 44.53631674, 7.65772896, 10, 11, 1920922),
(29353, 245, 44.53808939, 7.66130791, 10, 11, 1926921),
(29354, 245, 44.53520949, 7.65550372, 10, 11, 1932923),
(29355, 245, 44.53866405, 7.66247705, 10, 11, 1940945),
(29356, 245, 44.53575753, 7.65660841, 10, 11, 1947944),
(29357, 245, 44.53932233, 7.66383003, 10, 11, 1953916),
(29358, 245, 44.53967798, 7.66500806, 10, 11, 1961915),
(29359, 245, 44.53979016, 7.66641609, 10, 11, 1967924),
(29360, 245, 44.53983648, 7.6677105, 10, 11, 1974918),
(29361, 245, 44.53991971, 7.66917827, 10, 11, 1980923),
(29362, 245, 44.54002321, 7.67061485, 10, 11, 1986917),
(29363, 245, 44.54009224, 7.67211418, 10, 11, 1992918),
(29364, 245, 44.54013031, 7.67362174, 10, 11, 1998914),
(29365, 245, 44.54017016, 7.6749539, 10, 11, 2004919),
(29366, 245, 44.54029498, 7.67643512, 10, 11, 2009916),
(29367, 245, 44.5405039, 7.67790824, 10, 11, 2015916),
(29368, 245, 44.54069764, 7.67934266, 10, 11, 2021917),
(29369, 245, 44.54085067, 7.68082001, 10, 11, 2027920),
(29370, 245, 44.54097279, 7.68220729, 10, 11, 2033917),
(29371, 245, 44.54158926, 7.68662257, 10, 11, 2051912),
(29372, 245, 44.54143044, 7.68509555, 10, 11, 2045917),
(29373, 245, 44.54122466, 7.68361011, 10, 11, 2039917),
(29374, 245, 44.54175695, 7.68812098, 10, 11, 2057917),
(29375, 245, 44.54202651, 7.68968549, 10, 11, 2063914),
(29376, 245, 44.5423233, 7.69123977, 10, 11, 2069913),
(29377, 245, 44.54261798, 7.6928071, 10, 11, 2075918),
(29378, 245, 44.54282314, 7.6943486, 10, 11, 2081935),
(29379, 245, 44.5429319, 7.69577961, 10, 11, 2087918),
(29380, 245, 44.54311337, 7.69720237, 10, 11, 2093917),
(29381, 245, 44.54332633, 7.69852034, 10, 11, 2099915),
(29382, 245, 44.54358292, 7.69972695, 10, 11, 2105916),
(29383, 245, 44.54392074, 7.70110903, 10, 11, 2111917),
(29384, 245, 44.54429513, 7.70269104, 10, 11, 2118917),
(29385, 245, 44.54456014, 7.70396105, 10, 11, 2126917),
(29386, 245, 44.54496442, 7.70523218, 10, 11, 2132917),
(29387, 245, 44.54543799, 7.70637378, 10, 11, 2138918),
(29388, 245, 44.54600412, 7.70759355, 10, 11, 2144916),
(29389, 245, 44.54657961, 7.70894632, 10, 11, 2151917),
(29390, 245, 44.54679287, 7.71034871, 10, 11, 2159916),
(29391, 245, 44.54680582, 7.71164594, 10, 11, 2168913),
(29392, 245, 44.54690297, 7.71298943, 11, 12, 2196917),
(29393, 245, 44.54692748, 7.71444326, 11, 12, 2211917),
(29394, 245, 44.54701451, 7.71580703, 11, 12, 2222916),
(29395, 245, 44.54606956, 7.7159957, 11, 12, 2238914),
(29396, 245, 44.54513453, 7.71602305, 11, 12, 2259919),
(29397, 245, 44.54493188, 7.71733104, 11, 12, 2279914),
(29398, 245, 44.5458038, 7.71771904, 11, 12, 2297916),
(29399, 245, 44.54674216, 7.71775469, 11, 12, 2316916),
(29400, 245, 44.5476881, 7.71774277, 11, 12, 2328913),
(29401, 245, 44.54860677, 7.71791701, 12, 13, 2348931),
(29402, 245, 44.54949652, 7.71817155, 12, 13, 2358915),
(29403, 246, 44.46005289, 7.39337603, NULL, 2, 0),
(29404, 246, 44.45994758, 7.39478163, 2, 3, 2345),
(29405, 246, 44.45977759, 7.39614595, 2, 3, 16545),
(29406, 246, 44.4598961, 7.39764044, 2, 3, 24547),
(29407, 246, 44.46010395, 7.39911523, 2, 3, 31547),
(29408, 246, 44.46023076, 7.40048992, 2, 3, 37546),
(29409, 246, 44.46047588, 7.40212293, 2, 3, 42543),
(29410, 246, 44.46060989, 7.40396745, 2, 3, 48574),
(29411, 246, 44.46075773, 7.40528708, 2, 3, 54543),
(29412, 246, 44.46095855, 7.40696266, 2, 3, 58546),
(29413, 246, 44.46122439, 7.40825687, 2, 3, 63545),
(29414, 246, 44.46154912, 7.409921, 2, 3, 67544),
(29415, 246, 44.46183918, 7.41119759, 2, 3, 72543),
(29416, 246, 44.46211989, 7.41277088, 2, 3, 76546),
(29417, 246, 44.46222031, 7.41464446, 2, 3, 81546),
(29418, 246, 44.46230701, 7.41649396, 2, 3, 87545),
(29419, 246, 44.4625669, 7.41820271, 2, 3, 93546),
(29420, 246, 44.46292541, 7.41964894, 2, 3, 99546),
(29421, 246, 44.46325415, 7.42097429, 2, 3, 105547),
(29422, 246, 44.46396625, 7.422164, 2, 3, 112546),
(29423, 246, 44.464538, 7.4231876, 2, 3, 120547),
(29424, 246, 44.4656093, 7.42334518, 2, 3, 127545),
(29425, 246, 44.46657487, 7.42305029, 2, 3, 135547),
(29426, 246, 44.46758834, 7.42276032, 2, 3, 141546),
(29427, 246, 44.46848223, 7.42251007, 2, 3, 147546),
(29428, 246, 44.46955691, 7.42302791, 2, 3, 153544),
(29429, 246, 44.4700989, 7.42420345, 2, 3, 162597),
(29430, 246, 44.47071535, 7.42551365, 2, 3, 168549),
(29431, 246, 44.47141644, 7.42694742, 2, 3, 174548),
(29432, 246, 44.47208207, 7.42831096, 2, 3, 180548),
(29433, 246, 44.47267653, 7.4293734, 2, 3, 186546),
(29434, 246, 44.47332452, 7.43037966, 2, 3, 192545),
(29435, 246, 44.47392539, 7.43131948, 3, 4, 198547),
(29436, 246, 44.4744432, 7.43244352, 3, 4, 204546),
(29437, 246, 44.47479502, 7.43372498, 3, 4, 231545),
(29438, 246, 44.47514403, 7.43504537, 3, 4, 247562),
(29439, 246, 44.47552808, 7.43624299, 3, 4, 255546),
(29440, 246, 44.4761967, 7.43753713, 3, 4, 261546),
(29441, 246, 44.47682004, 7.43902216, 3, 4, 267547),
(29442, 246, 44.47731661, 7.44055496, 3, 4, 273547),
(29443, 246, 44.47771385, 7.44208635, 3, 4, 279545),
(29444, 246, 44.47804337, 7.44346932, 3, 4, 285545),
(29445, 246, 44.4783663, 7.4446687, 3, 4, 291547),
(29446, 246, 44.4788083, 7.44582044, 3, 4, 297546),
(29447, 246, 44.47937132, 7.44698805, 3, 4, 303548),
(29448, 246, 44.47997384, 7.44816854, 3, 4, 309546),
(29449, 246, 44.48060301, 7.44940789, 3, 4, 315542),
(29450, 246, 44.48131046, 7.45067092, 4, 5, 321552),
(29451, 246, 44.48203171, 7.4519966, 4, 5, 327557),
(29452, 246, 44.48291146, 7.4531529, 4, 5, 333543),
(29453, 246, 44.4839586, 7.45424677, 4, 5, 339545),
(29454, 246, 44.48466524, 7.45504829, 4, 5, 345542),
(29455, 246, 44.48546668, 7.45621029, 4, 5, 349546),
(29456, 246, 44.4861141, 7.45719302, 4, 5, 354542),
(29457, 246, 44.48690867, 7.45840038, 4, 5, 358545),
(29458, 246, 44.48755294, 7.45934031, 4, 5, 363549),
(29459, 246, 44.48830912, 7.46046546, 4, 5, 367561),
(29460, 246, 44.48903291, 7.46188015, 4, 5, 372545),
(29461, 246, 44.48967291, 7.46352775, 4, 5, 378545),
(29462, 246, 44.49008758, 7.46472662, 4, 5, 384547),
(29463, 246, 44.49126466, 7.46777482, 4, 5, 388546),
(29464, 246, 44.49183135, 7.46943446, 4, 5, 394595),
(29465, 246, 44.49241464, 7.4708808, 4, 5, 400547),
(29466, 246, 44.492938, 7.4721517, 4, 5, 406546),
(29467, 246, 44.49341137, 7.47339359, 4, 5, 412555),
(29468, 246, 44.49379027, 7.47462582, 4, 5, 419675),
(29469, 246, 44.49479565, 7.47527495, 4, 5, 430546),
(29470, 246, 44.49574555, 7.47565155, 4, 5, 445547),
(29471, 246, 44.49670064, 7.47602869, 4, 5, 452546),
(29472, 246, 44.49760982, 7.47652712, 4, 5, 458548),
(29473, 246, 44.49870697, 7.47730344, 4, 5, 463546),
(29474, 246, 44.49956928, 7.47769645, 4, 5, 469545),
(29475, 246, 44.50072112, 7.47818987, 4, 5, 473554),
(29476, 246, 44.50164539, 7.4785657, 4, 5, 478546),
(29477, 246, 44.5027611, 7.47901414, 4, 5, 482548),
(29478, 246, 44.5036434, 7.47939357, 4, 5, 487548),
(29479, 246, 44.50465621, 7.47979453, 4, 5, 491547),
(29480, 246, 44.50579006, 7.48003678, 4, 5, 496547),
(29481, 246, 44.50683685, 7.47991992, 4, 5, 502549),
(29482, 246, 44.50780153, 7.48014815, 4, 5, 508542),
(29483, 246, 44.50872712, 7.48081757, 4, 5, 515575),
(29484, 246, 44.50959835, 7.48148356, 4, 5, 523546),
(29485, 246, 44.50993404, 7.48281029, 4, 5, 532546),
(29486, 246, 44.51032264, 7.4839983, 4, 5, 541546),
(29487, 246, 44.51102423, 7.48317147, 4, 5, 554566),
(29488, 246, 44.51171171, 7.48219742, 4, 5, 569545),
(29489, 246, 44.51238667, 7.48121239, 4, 5, 577546),
(29490, 246, 44.51305052, 7.48029731, 4, 5, 584545),
(29491, 246, 44.5136821, 7.47938908, 4, 5, 590546),
(29492, 246, 44.51449914, 7.47875059, 5, 6, 596546),
(29493, 246, 44.51537022, 7.47835597, 5, 6, 604543),
(29494, 246, 44.5144798, 7.47870337, 5, 6, 613541),
(29495, 246, 44.5136222, 7.47944648, 5, 6, 625043),
(29496, 246, 44.51290891, 7.48049953, 5, 6, 633028),
(29497, 246, 44.51219397, 7.48149512, 5, 6, 640026),
(29498, 246, 44.51151732, 7.48244129, 5, 6, 646026),
(29499, 246, 44.51085042, 7.48341623, 5, 6, 652024),
(29500, 246, 44.5108329, 7.48475994, 5, 6, 660023),
(29501, 246, 44.51163519, 7.48590572, 5, 6, 684028),
(29502, 246, 44.51235907, 7.48692998, 5, 6, 693034),
(29503, 246, 44.51315547, 7.48821434, 5, 6, 700025),
(29504, 246, 44.51345001, 7.48954942, 5, 6, 708028),
(29505, 246, 44.5133813, 7.49089411, 6, 7, 714025),
(29506, 246, 44.51335576, 7.49215892, 6, 7, 720026),
(29507, 246, 44.5135689, 7.49342477, 6, 7, 730032),
(29508, 246, 44.51397844, 7.49459255, 6, 7, 772023),
(29509, 246, 44.51462008, 7.49575431, 6, 7, 780029),
(29510, 246, 44.51528957, 7.49696034, 6, 7, 787040),
(29511, 246, 44.51596412, 7.49789119, 6, 7, 793026),
(29512, 246, 44.51695213, 7.49876114, 6, 7, 798027),
(29513, 246, 44.51776899, 7.50000012, 6, 7, 804026),
(29514, 246, 44.51853587, 7.50126348, 6, 7, 810027),
(29515, 246, 44.51901655, 7.50255635, 6, 7, 816025),
(29516, 246, 44.5196653, 7.5037722, 6, 7, 822027),
(29517, 246, 44.52051854, 7.50472873, 6, 7, 828025),
(29518, 246, 44.52154611, 7.505788, 6, 7, 834025),
(29519, 246, 44.52240122, 7.50722172, 6, 7, 840027),
(29520, 246, 44.5229868, 7.50827129, 6, 7, 846026),
(29521, 246, 44.52377117, 7.50960859, 6, 7, 850026),
(29522, 246, 44.52447497, 7.51054996, 6, 7, 855026),
(29523, 246, 44.52533996, 7.5117064, 6, 7, 859026),
(29524, 246, 44.52605535, 7.5125527, 6, 7, 864024),
(29525, 246, 44.5281018, 7.51443451, 6, 7, 868025),
(29526, 246, 44.52910372, 7.51570814, 6, 7, 874025),
(29527, 246, 44.53011291, 7.51689143, 6, 7, 880025),
(29528, 246, 44.53110661, 7.51808089, 6, 7, 886038),
(29529, 246, 44.5316321, 7.51914679, 6, 7, 892034),
(29530, 246, 44.53211139, 7.5204929, 6, 7, 896031),
(29531, 246, 44.53272117, 7.52195631, 6, 7, 901023),
(29532, 246, 44.53353814, 7.52304729, 6, 7, 907026),
(29533, 246, 44.53445999, 7.5244544, 6, 7, 913027),
(29534, 246, 44.53506769, 7.52545348, 6, 7, 919026),
(29535, 246, 44.53577989, 7.52675254, 6, 7, 923026),
(29536, 246, 44.53633883, 7.52836724, 6, 7, 928026),
(29537, 246, 44.53725424, 7.52968307, 6, 7, 934021),
(29538, 246, 44.53823593, 7.53087863, 6, 7, 940024),
(29539, 246, 44.53922608, 7.5320032, 6, 7, 946025),
(29540, 246, 44.5400817, 7.53303938, 6, 7, 952026),
(29541, 246, 44.54077077, 7.53394801, 6, 7, 958025),
(29542, 246, 44.54138437, 7.53494898, 6, 7, 964027),
(29543, 246, 44.54198284, 7.53605353, 6, 7, 971022),
(29544, 246, 44.54254875, 7.53707632, 6, 7, 979025),
(29545, 246, 44.54341565, 7.53758723, 7, 8, 989028),
(29546, 246, 44.54422976, 7.53844667, 7, 8, 1012029),
(29547, 246, 44.54495264, 7.53921959, 8, 9, 1024028),
(29548, 246, 44.54559585, 7.54014507, 8, 9, 1046929),
(29549, 246, 44.54485243, 7.54091802, 8, 9, 1084908),
(29550, 246, 44.54395505, 7.54137543, 8, 9, 1150912),
(29551, 246, 44.54356504, 7.54258347, 8, 9, 1177912),
(29552, 246, 44.54344989, 7.54396463, 8, 9, 1226913),
(29553, 246, 44.54327306, 7.5454677, 8, 9, 1235906),
(29554, 246, 44.5429571, 7.54688518, 8, 9, 1243911),
(29555, 246, 44.54258069, 7.548048, 8, 9, 1252909),
(29556, 246, 44.54262965, 7.54941016, 8, 9, 1270905),
(29557, 246, 44.5424351, 7.55081498, 8, 9, 1279911),
(29558, 246, 44.54194318, 7.55207314, 8, 9, 1286923),
(29559, 246, 44.54125247, 7.5530454, 8, 9, 1292910),
(29560, 246, 44.54039377, 7.55422059, 8, 9, 1297910),
(29561, 246, 44.53948414, 7.5554905, 8, 9, 1303909),
(29562, 246, 44.53859217, 7.55688539, 8, 9, 1309910),
(29563, 246, 44.53800205, 7.55789122, 8, 9, 1315911),
(29564, 246, 44.53732577, 7.55903349, 8, 9, 1319910),
(29565, 246, 44.5368717, 7.56047073, 8, 9, 1324910),
(29566, 246, 44.53666948, 7.56178307, 8, 9, 1330910),
(29567, 246, 44.53635304, 7.56310343, 8, 9, 1336910),
(29568, 246, 44.5359414, 7.56442719, 8, 9, 1343910),
(29569, 246, 44.53555099, 7.56568352, 8, 9, 1351909),
(29570, 246, 44.53512973, 7.56728608, 8, 9, 1358908),
(29571, 246, 44.53488109, 7.56858503, 8, 9, 1366943),
(29572, 246, 44.53464121, 7.56997397, 8, 9, 1372911),
(29573, 246, 44.53453448, 7.57144113, 8, 9, 1378912),
(29574, 246, 44.5337482, 7.57398897, 8, 9, 1384910),
(29575, 246, 44.53302522, 7.57730268, 8, 9, 1390904),
(29576, 246, 44.53336561, 7.57553787, 8, 9, 1396906),
(29577, 246, 44.5327713, 7.57861381, 8, 9, 1402911),
(29578, 246, 44.532461, 7.5802952, 8, 9, 1406904),
(29579, 246, 44.53221593, 7.58160168, 8, 9, 1411909),
(29580, 246, 44.53192863, 7.58313327, 8, 9, 1415909),
(29581, 246, 44.53161504, 7.58475332, 8, 9, 1420909),
(29582, 246, 44.53149666, 7.58620182, 8, 9, 1426910),
(29583, 246, 44.53171191, 7.58764242, 8, 9, 1432906),
(29584, 246, 44.5320501, 7.58895638, 8, 9, 1438926),
(29585, 246, 44.53250214, 7.59028695, 8, 9, 1444909),
(29586, 246, 44.53324844, 7.59284182, 8, 9, 1450923),
(29587, 246, 44.53337765, 7.59417183, 9, 10, 1457916),
(29588, 246, 44.53369906, 7.59539616, 9, 10, 1466922),
(29589, 246, 44.53419162, 7.59648589, 9, 10, 1478920),
(29590, 246, 44.53471101, 7.59770511, 9, 10, 1498921),
(29591, 246, 44.5351528, 7.59889524, 9, 10, 1507920),
(29592, 246, 44.53555093, 7.60040359, 9, 10, 1514920),
(29593, 246, 44.53579807, 7.60169241, 9, 10, 1522918),
(29594, 246, 44.53591999, 7.60304152, 9, 10, 1528920),
(29595, 246, 44.53561341, 7.60452555, 9, 10, 1535919),
(29596, 246, 44.53544346, 7.60702723, 9, 10, 1549919),
(29597, 246, 44.53537106, 7.60573951, 9, 10, 1543919),
(29598, 246, 44.5356959, 7.60867637, 9, 10, 1555919),
(29599, 246, 44.53575375, 7.60999196, 9, 10, 1564938),
(29600, 246, 44.53604543, 7.61118498, 9, 10, 1578919),
(29601, 246, 44.53621354, 7.61243468, 9, 10, 1589919),
(29602, 246, 44.53636316, 7.61369803, 9, 10, 1596916),
(29603, 246, 44.53658339, 7.6151985, 9, 10, 1602918),
(29604, 246, 44.53679671, 7.61642282, 9, 10, 1610919),
(29605, 246, 44.53707304, 7.6179401, 9, 10, 1617920),
(29606, 246, 44.53709304, 7.61927904, 9, 10, 1625919),
(29607, 246, 44.53689454, 7.62051324, 9, 10, 1632919),
(29608, 246, 44.53658497, 7.62182554, 9, 10, 1638921),
(29609, 246, 44.53612378, 7.62309686, 9, 10, 1644919),
(29610, 246, 44.53557087, 7.6243505, 9, 10, 1650919),
(29611, 246, 44.53499226, 7.62548533, 10, 11, 1656919),
(29612, 246, 44.53439001, 7.62663919, 10, 11, 1662918),
(29613, 246, 44.53378551, 7.62784845, 10, 11, 1670935),
(29614, 246, 44.53343935, 7.62907717, 10, 11, 1709916),
(29615, 246, 44.53344007, 7.6304945, 10, 11, 1718917),
(29616, 246, 44.53356861, 7.63212141, 10, 11, 1725919),
(29617, 246, 44.53356079, 7.63346523, 10, 11, 1733918),
(29618, 246, 44.53336292, 7.6348237, 10, 11, 1740915),
(29619, 246, 44.53320866, 7.63611832, 10, 11, 1748931),
(29620, 246, 44.53301077, 7.63745841, 10, 11, 1764918),
(29621, 246, 44.53261727, 7.63873663, 10, 11, 1775918),
(29622, 246, 44.53218434, 7.63991878, 10, 11, 1787919),
(29623, 246, 44.53172423, 7.64110328, 10, 11, 1796917),
(29624, 246, 44.53129248, 7.64239112, 10, 11, 1842920),
(29625, 246, 44.53133795, 7.64373449, 10, 11, 1853919),
(29626, 246, 44.53163987, 7.64509314, 10, 11, 1860917),
(29627, 246, 44.53195924, 7.64654865, 10, 11, 1866918),
(29628, 246, 44.53226447, 7.64780788, 10, 11, 1872922),
(29629, 246, 44.53259695, 7.64927196, 10, 11, 1877917),
(29630, 246, 44.53298472, 7.65062911, 10, 11, 1883917),
(29631, 246, 44.53350807, 7.65197456, 10, 11, 1889916),
(29632, 246, 44.5340613, 7.65312648, 10, 11, 1895915),
(29633, 246, 44.53458395, 7.65420832, 10, 11, 1901916),
(29634, 246, 44.53691938, 7.65891968, 10, 11, 1914925),
(29635, 246, 44.53631674, 7.65772896, 10, 11, 1920922),
(29636, 246, 44.53808939, 7.66130791, 10, 11, 1926921),
(29637, 246, 44.53754463, 7.66011247, 10, 11, 1908925),
(29638, 246, 44.53520949, 7.65550372, 10, 11, 1932923),
(29639, 246, 44.53866405, 7.66247705, 10, 11, 1940945),
(29640, 246, 44.53575753, 7.65660841, 10, 11, 1947944),
(29641, 246, 44.53932233, 7.66383003, 10, 11, 1953916),
(29642, 246, 44.53967798, 7.66500806, 10, 11, 1961915),
(29643, 246, 44.53979016, 7.66641609, 10, 11, 1967924),
(29644, 246, 44.53983648, 7.6677105, 10, 11, 1974918),
(29645, 246, 44.53991971, 7.66917827, 10, 11, 1980923),
(29646, 246, 44.54002321, 7.67061485, 10, 11, 1986917),
(29647, 246, 44.54009224, 7.67211418, 10, 11, 1992918),
(29648, 246, 44.54013031, 7.67362174, 10, 11, 1998914),
(29649, 246, 44.54017016, 7.6749539, 10, 11, 2004919),
(29650, 246, 44.54029498, 7.67643512, 10, 11, 2009916),
(29651, 246, 44.5405039, 7.67790824, 10, 11, 2015916),
(29652, 246, 44.54069764, 7.67934266, 10, 11, 2021917),
(29653, 246, 44.54085067, 7.68082001, 10, 11, 2027920),
(29654, 246, 44.54097279, 7.68220729, 10, 11, 2033917),
(29655, 246, 44.54122466, 7.68361011, 10, 11, 2039917),
(29656, 246, 44.54143044, 7.68509555, 10, 11, 2045917),
(29657, 246, 44.54158926, 7.68662257, 10, 11, 2051912),
(29658, 246, 44.54175695, 7.68812098, 10, 11, 2057917),
(29659, 246, 44.54202651, 7.68968549, 10, 11, 2063914),
(29660, 246, 44.5423233, 7.69123977, 10, 11, 2069913),
(29661, 246, 44.54261798, 7.6928071, 10, 11, 2075918),
(29662, 246, 44.54282314, 7.6943486, 10, 11, 2081935),
(29663, 246, 44.5429319, 7.69577961, 10, 11, 2087918),
(29664, 246, 44.54311337, 7.69720237, 10, 11, 2093917),
(29665, 246, 44.54332633, 7.69852034, 10, 11, 2099915),
(29666, 246, 44.54358292, 7.69972695, 10, 11, 2105916),
(29667, 246, 44.54392074, 7.70110903, 10, 11, 2111917),
(29668, 246, 44.54429513, 7.70269104, 10, 11, 2118917),
(29669, 246, 44.54456014, 7.70396105, 10, 11, 2126917),
(29670, 246, 44.54496442, 7.70523218, 10, 11, 2132917),
(29671, 246, 44.54543799, 7.70637378, 10, 11, 2138918),
(29672, 246, 44.54600412, 7.70759355, 10, 11, 2144916),
(29673, 246, 44.54657961, 7.70894632, 10, 11, 2151917),
(29674, 246, 44.54679287, 7.71034871, 10, 11, 2159916),
(29675, 246, 44.54680582, 7.71164594, 10, 11, 2168913),
(29676, 246, 44.54690297, 7.71298943, 11, 12, 2196917),
(29677, 246, 44.54692748, 7.71444326, 11, 12, 2211917),
(29678, 246, 44.54701451, 7.71580703, 11, 12, 2222916),
(29679, 246, 44.54606956, 7.7159957, 11, 12, 2238914),
(29680, 246, 44.54513453, 7.71602305, 11, 12, 2259919),
(29681, 246, 44.54493188, 7.71733104, 11, 12, 2279914),
(29682, 246, 44.5458038, 7.71771904, 11, 12, 2297916),
(29683, 246, 44.54674216, 7.71775469, 11, 12, 2316916),
(29684, 246, 44.5476881, 7.71774277, 11, 12, 2328913),
(29685, 246, 44.54860677, 7.71791701, 12, 13, 2348931),
(29686, 246, 44.54949652, 7.71817155, 12, 13, 2358915),
(29687, 246, 44.55015585, 7.7191791, 12, 13, 2381914),
(29688, 246, 44.55020834, 7.72052786, 12, 13, 2450914),
(29689, 246, 44.5508875, 7.7214403, 12, 13, 2465918),
(29690, 246, 44.55180994, 7.72135162, 12, 13, 2495914),
(29691, 246, 44.55239515, 7.72237011, 12, 13, 2511914),
(29692, 246, 44.55249663, 7.72362367, 12, 13, 2534914),
(29693, 246, 44.55259604, 7.72489463, 12, 13, 2544914),
(29694, 246, 44.55275052, 7.72616627, 13, 14, 2556915),
(29695, 246, 44.55342568, 7.72705206, 13, 14, 2601916),
(29696, 246, 44.55411132, 7.72799467, 13, 14, 2675913),
(29697, 246, 44.55474349, 7.72893271, 13, 14, 2693913),
(29698, 246, 44.55541292, 7.72984494, 13, 14, 2706915),
(29699, 246, 44.55597937, 7.73085446, 13, 14, 2718915),
(29700, 246, 44.55665548, 7.73184152, 13, 14, 2733913),
(29701, 246, 44.55726333, 7.7328959, 13, 14, 2744910);

-- --------------------------------------------------------

--
-- Struttura della tabella `Tratte`
--

CREATE TABLE IF NOT EXISTS `Tratte` (
  `IDTratta` int(11) NOT NULL AUTO_INCREMENT,
  `Data` date NOT NULL,
  `InCorso` tinyint(1) NOT NULL,
  `IDAutobus` varchar(7) COLLATE latin1_general_ci NOT NULL,
  `IDAutista` int(11) NOT NULL,
  `IDOrario` int(11) NOT NULL,
  `Ritardo` int(11) NOT NULL,
  PRIMARY KEY (`IDTratta`),
  KEY `IDOrario` (`IDOrario`),
  KEY `IDAutobus` (`IDAutobus`),
  KEY `IDAutista` (`IDAutista`)
) ENGINE=InnoDB  DEFAULT CHARSET=latin1 COLLATE=latin1_general_ci AUTO_INCREMENT=247 ;

--
-- Dump dei dati per la tabella `Tratte`
--

INSERT INTO `Tratte` (`IDTratta`, `Data`, `InCorso`, `IDAutobus`, `IDAutista`, `IDOrario`, `Ritardo`) VALUES
(235, '2016-04-28', 0, 'EA000RT', 1, 2, 2),
(236, '2016-04-29', 0, 'EA000RT', 1, 2, 3),
(237, '2016-04-29', 0, 'EA000RT', 1, 2, 1),
(238, '2016-04-29', 0, 'EA000RT', 1, 2, 2),
(239, '2016-05-05', 0, 'EA000RT', 1, 2, 4),
(240, '2016-05-20', 0, 'EA000RT', 1, 2, 2),
(241, '2016-05-20', 0, 'EA000RT', 1, 2, 12),
(242, '2016-05-31', 0, 'FF345ZE', 2, 2, 2),
(243, '2016-05-31', 0, 'EA000RT', 1, 2, 6),
(244, '2016-06-01', 0, 'EA000RT', 1, 2, 0),
(245, '2016-06-02', 0, 'EA000RT', 1, 2, 1),
(246, '2016-06-02', 0, 'EA000RT', 1, 2, 10);

--
-- Limiti per le tabelle scaricate
--

--
-- Limiti per la tabella `Autisti`
--
ALTER TABLE `Autisti`
  ADD CONSTRAINT `Autisti_ibfk_1` FOREIGN KEY (`IDDitta`) REFERENCES `Ditte` (`IDDitta`);

--
-- Limiti per la tabella `Autobus`
--
ALTER TABLE `Autobus`
  ADD CONSTRAINT `Autobus_ibfk_1` FOREIGN KEY (`IDDitta`) REFERENCES `Ditte` (`IDDitta`),
  ADD CONSTRAINT `Autobus_ibfk_2` FOREIGN KEY (`IDModello`) REFERENCES `ModelliAutobus` (`IDModello`);

--
-- Limiti per la tabella `Fermate`
--
ALTER TABLE `Fermate`
  ADD CONSTRAINT `Fermate_ibfk_1` FOREIGN KEY (`IDLocalita`) REFERENCES `Localita` (`IDLocalita`);

--
-- Limiti per la tabella `GiorniLinea`
--
ALTER TABLE `GiorniLinea`
  ADD CONSTRAINT `GiorniLinea_ibfk_1` FOREIGN KEY (`IDLinea`) REFERENCES `Linee` (`IDLinea`);

--
-- Limiti per la tabella `Linee`
--
ALTER TABLE `Linee`
  ADD CONSTRAINT `Linee_ibfk_1` FOREIGN KEY (`IDDitta`) REFERENCES `Ditte` (`IDDitta`);

--
-- Limiti per la tabella `Orari`
--
ALTER TABLE `Orari`
  ADD CONSTRAINT `Orari_ibfk_1` FOREIGN KEY (`IDLinea`) REFERENCES `Linee` (`IDLinea`);

--
-- Limiti per la tabella `Percorsi`
--
ALTER TABLE `Percorsi`
  ADD CONSTRAINT `Percorsi_ibfk_1` FOREIGN KEY (`IDLinea`) REFERENCES `Linee` (`IDLinea`),
  ADD CONSTRAINT `Percorsi_ibfk_2` FOREIGN KEY (`IDFermata`) REFERENCES `Fermate` (`IDFermata`);

--
-- Limiti per la tabella `Tappe`
--
ALTER TABLE `Tappe`
  ADD CONSTRAINT `Tappe_ibfk_1` FOREIGN KEY (`IDTratta`) REFERENCES `Tratte` (`IDTratta`);

--
-- Limiti per la tabella `Tratte`
--
ALTER TABLE `Tratte`
  ADD CONSTRAINT `Tratte_ibfk_1` FOREIGN KEY (`IDOrario`) REFERENCES `Orari` (`IDOrario`),
  ADD CONSTRAINT `Tratte_ibfk_2` FOREIGN KEY (`IDAutobus`) REFERENCES `Autobus` (`Targa`),
  ADD CONSTRAINT `Tratte_ibfk_3` FOREIGN KEY (`IDAutista`) REFERENCES `Autisti` (`IDAutista`);

/*!40101 SET CHARACTER_SET_CLIENT=@OLD_CHARACTER_SET_CLIENT */;
/*!40101 SET CHARACTER_SET_RESULTS=@OLD_CHARACTER_SET_RESULTS */;
/*!40101 SET COLLATION_CONNECTION=@OLD_COLLATION_CONNECTION */;
